step,ID,total_money,fixed_cost,variable_cost,employee_num,total_product,stock,total_debt,cur_ratio,quick_ratio
1,0,465089.6028,2112.890221,2597.245015,2,1.3862,12730.63216,0,0,0
1,1,568445.2854,2142.210305,2633.179724,2,1.3862,27726.59311,0,0,0
1,2,518494.2429,2136.982791,2626.6573,2,1.3862,32549.34519,0,0,0
1,3,440631.628,2127.539553,2614.86154,2,1.3862,29092.37121,0,0,0
1,4,591214.0399,2138.025686,2627.760358,2,1.3862,28111.87054,0,0,0
1,5,462556.3054,2120.484039,2605.907619,2,1.3862,29508.18495,0,0,0
1,6,474772.8211,2131.242491,2619.294636,2,1.3862,34987.31194,0,0,0
1,7,593790.9748,2137.250081,2626.76347,2,1.3862,20803.48292,0,0,0
1,8,513670.6428,2122.123539,2608.303539,2,1.3862,13452.62401,0,0,0
1,9,445547.5605,2117.410116,2602.508478,2,1.3862,16897.96645,0,0,0
1,10,571516.5741,2149.17697,2641.570568,2,1.3862,36248.52283,0,0,0
1,11,520326.9921,2130.105346,2617.760375,2,1.3862,25316.22152,0,0,0
1,12,498468.8294,2117.517032,2602.479234,2,1.3862,9478.339332,0,0,0
1,13,409259.8597,2116.540447,2600.887418,2,1.3862,29449.934,0,0,0
1,14,444535.8726,2113.4682,2597.438358,2,1.3862,24318.03584,0,0,0
1,15,522532.3155,2134.54552,2623.530477,2,1.3862,32851.99294,0,0,0
1,16,457257.3004,2120.04371,2605.543844,2,1.3862,29685.16705,0,0,0
1,17,571684.4812,2137.566917,2627.483383,2,1.3862,21588.63245,0,0,0
1,18,531652.9358,2131.54722,2619.838156,2,1.3862,26440.45094,0,0,0
1,19,398092.5639,2099.315263,2580.301464,2,1.3862,16085.39758,0,0,0
2,0,419901.8673,2112.890221,968.9949939,1,1.0986,0,0,0,0
2,1,523494.3826,2142.210305,1010.791513,1,1.0986,0,0,0,0
2,2,473491.6415,2136.982791,1003.253615,1,1.0986,0,0,0,0
2,3,413175.07,2127.539553,989.6132399,1,1.0986,0,0,0,0
2,4,546227.1228,2138.025686,1004.595882,1,1.0986,0,0,0,0
2,5,417404.6825,2120.484039,979.3169601,1,1.0986,0,0,0,0
2,6,447177.013,2131.242491,994.8119376,1,1.0986,0,0,0,0
2,7,565978.5005,2137.250081,1003.455941,1,1.0964,0,0,0,0
2,8,468553.393,2122.123539,981.9546442,1,1.0986,0,0,0,0
2,9,400381.9187,2117.410116,975.2268496,1,1.0986,0,0,0,0
2,10,543246.4811,2149.17697,1020.60011,1,1.0986,0,0,0,0
2,11,492779.0236,2130.105346,993.0832414,1,1.0986,0,0,0,0
2,12,453308.2446,2117.517032,975.2508909,1,1.0986,0,0,0,0
2,13,382221.7209,2116.540447,973.5430818,1,1.0986,0,0,0,0
2,14,399331.126,2113.4682,969.4160184,1,1.0986,0,0,0,0
2,15,477507.8304,2134.54552,999.6685614,1,1.0986,0,0,0,0
2,16,412107.4142,2120.04371,978.8287872,1,1.0986,0,0,0,0
2,17,543856.7913,2137.566917,1004.17094,1,1.0986,0,0,0,0
2,18,486607.3076,2131.54722,995.3800934,1,1.0986,0,0,0,0
2,19,352778.1808,2099.315263,949.3922263,1,1.0986,0,0,0,0
3,0,373210.0628,2112.890221,0,1,1.3839,0,0,0,0
3,1,477060.8684,2142.210305,0,1,1.3846,0,0,0,0
3,2,427010.9463,2136.982791,0,1,1.3839,0,0,0,0
3,3,384234.7097,2127.539553,0,1,1.3847,0,0,0,0
3,4,499750.1507,2138.025686,0,1,1.3836,0,0,0,0
3,5,370760.3381,2120.484039,0,1,1.3837,0,0,0,0
3,6,418099.9196,2131.242491,0,1,1.3836,0,0,0,0
3,7,536670.0654,2137.250081,0,1,1.3819,0,0,0,0
3,8,421938.7399,2122.123539,0,1,1.3834,0,0,0,0
3,9,353719.6825,2117.410116,0,1,1.3845,0,0,0,0
3,10,513502.2402,2149.17697,0,1,1.3843,0,0,0,0
3,11,463740.1562,2130.105346,0,1,1.3836,0,0,0,0
3,12,406644.7959,2117.517032,0,1,1.3847,0,0,0,0
3,13,353687.0413,2116.540447,0,1,1.3846,0,0,0,0
3,14,352624.6111,2113.4682,0,1,1.3843,0,0,0,0
3,15,431001.7844,2134.54552,0,1,1.3838,0,0,0,0
3,16,365464.6075,2120.04371,0,1,1.3833,0,0,0,0
3,17,514539.6189,2137.566917,0,1,1.3845,0,0,0,0
3,18,440075.4283,2131.54722,0,1,1.3846,0,0,0,0
3,19,305945.0438,2099.315263,0,1,1.3844,0,0,0,0
4,0,370745.6955,2112.890221,2464.367263,0,0,0,0,0,0
4,1,474583.8505,2142.210305,2477.017976,0,0,0,0,0,0
4,2,424541.2291,2136.982791,2469.717152,0,0,0,0,0,0
4,3,381770.0934,2127.539553,2464.616299,0,0,0,0,0,0
4,4,497271.8784,2138.025686,2478.272282,0,0,0,0,0,0
4,5,368296.8893,2120.484039,2463.448793,0,0,0,0,0,0
4,6,415630.6755,2131.242491,2469.244041,0,0,0,0,0,0
4,7,534183.5199,2137.250081,2486.545593,0,0,0,0,0,0
4,8,419470.8478,2122.123539,2467.892133,0,0,0,0,0,0
4,9,351257.8924,2117.410116,2461.790107,0,0,0,0,0,0
4,10,511018.0427,2149.17697,2484.197542,0,0,0,0,0,0
4,11,461265.7301,2130.105346,2474.426106,0,0,0,0,0,0
4,12,404178.1374,2117.517032,2466.658503,0,0,0,0,0,0
4,13,351225.4572,2116.540447,2461.584099,0,0,0,0,0,0
4,14,350161.9837,2113.4682,2462.627366,0,0,0,0,0,0
4,15,428531.0096,2134.54552,2470.774762,0,0,0,0,0,0
4,16,363001.783,2120.04371,2462.824434,0,0,0,0,0,0
4,17,512056.3639,2137.566917,2483.255044,0,0,0,0,0,0
4,18,437603.0172,2131.54722,2472.411096,0,0,0,0,0,0
4,19,303486.8329,2099.315263,2458.210848,0,0,0,0,0,0
5,0,370741.5612,2112.890221,2468.50159,2,1.3862,0,0,0,0
5,1,474580.0421,2142.210305,2480.826341,2,1.3862,0,0,0,0
5,2,424537.0546,2136.982791,2473.891713,2,1.3862,0,0,0,0
5,3,381765.396,2127.539553,2469.313703,2,2.0754,0,0,0,0
5,4,497265.8958,2138.025686,2484.254912,2,1.3862,0,0,0,0
5,5,368292.0241,2120.484039,2468.314022,2,1.3862,0,0,0,0
5,6,415627.2551,2131.242491,2472.664416,2,1.3862,0,0,0,0
5,7,534178.6179,2137.250081,2491.447516,2,1.3862,0,0,0,0
5,8,419465.5431,2122.123539,2473.19676,2,1.3862,0,0,0,0
5,9,351252.7207,2117.410116,2466.961741,2,1.3862,0,0,0,0
5,10,511015.6323,2149.17697,2486.607991,2,1.3862,0,0,0,0
5,11,461261.1698,2130.105346,2478.98642,2,1.3862,0,0,0,0
5,12,404173.7138,2117.517032,2471.082099,2,1.3862,0,0,0,0
5,13,351220.0797,2116.540447,2466.961555,2,1.3862,0,0,0,0
5,14,350157.7306,2113.4682,2466.88053,2,1.3862,0,0,0,0
5,15,428527.3374,2134.54552,2474.446967,2,1.3862,0,0,0,0
5,16,362996.7109,2120.04371,2467.896603,2,1.3862,0,0,0,0
5,17,512052.8146,2137.566917,2486.804314,2,1.3862,0,0,0,0
5,18,437599.7223,2131.54722,2475.705929,2,1.3862,0,0,0,0
5,19,303481.8701,2099.315263,2463.17368,2,1.3862,0,0,0,0
6,0,346490.7693,2112.890221,869.0226815,1,1.0986,0,0,0,0
6,1,449722.2638,2142.210305,891.99779,1,1.0986,0,0,0,0
6,2,399875.752,2136.982791,884.2798538,1,1.0964,0,0,0,0
6,3,381765.396,2127.539553,2469.313703,0,0,0,0,0,0
6,4,452933.4595,2138.025686,892.962855,1,1.0986,0,0,0,0
6,5,343946.4465,2120.484039,872.4003872,1,1.0986,0,0,0,0
6,6,391062.6645,2131.242491,880.6940724,1,1.0986,0,0,0,0
6,7,489834.8744,2137.250081,898.6307856,1,1.0986,0,0,0,0
6,8,395008.0802,2122.123539,876.9042547,1,1.0986,0,0,0,0
6,9,306677.8295,2117.410116,869.9377957,1,1.0986,0,0,0,0
6,10,466824.4218,2149.17697,900.0715248,1,1.0986,0,0,0,0
6,11,416832.61,2130.105346,885.0285711,1,1.0986,0,0,0,0
6,12,359595.9762,2117.517032,873.1499501,1,1.0986,0,0,0,0
6,13,306634.038,2116.540447,869.5375403,1,1.0986,0,0,0,0
6,14,305531.9043,2113.4682,868.0488609,1,1.0986,0,0,0,0
6,15,384163.1165,2134.54552,883.5838648,1,1.0986,0,0,0,0
6,16,318455.1216,2120.04371,871.8756991,1,1.0986,0,0,0,0
6,17,487145.1097,2137.566917,895.6707838,1,1.0986,0,0,0,0
6,18,412974.1514,2131.54722,883.1727344,1,1.0986,0,0,0,0
6,19,258675.1629,2099.315263,858.6195882,1,1.0986,0,0,0,0
7,0,320649.5812,2112.890221,0,1,1.3841,0,0,0,0
7,1,423284.7877,2142.210305,0,1,1.3839,0,0,0,0
7,2,373633.1808,2136.982791,0,1,1.3808,0,0,0,0
7,3,381765.396,2127.539553,2469.313703,2,1.3862,0,0,0,0
7,4,407022.7545,2138.025686,0,1,1.3847,0,0,0,0
7,5,318010.9092,2120.484039,0,1,1.3835,0,0,0,0
7,6,364915.5419,2131.242491,0,1,1.3835,0,0,0,0
7,7,443911.7647,2137.250081,0,1,1.3847,0,0,0,0
7,8,368962.2906,2122.123539,0,1,1.384,0,0,0,0
7,9,260515.1306,2117.410116,0,1,1.3843,0,0,0,0
7,10,421059.8328,2149.17697,0,1,1.384,0,0,0,0
7,11,370821.594,2130.105346,0,1,1.3841,0,0,0,0
7,12,313428.79,2117.517032,0,1,1.3837,0,0,0,0
7,13,260460.8695,2116.540447,0,1,1.3837,0,0,0,0
7,14,259316.6493,2113.4682,0,1,1.3835,0,0,0,0
7,15,338219.3001,2134.54552,0,1,1.3846,0,0,0,0
7,16,272325.4023,2120.04371,0,1,1.3836,0,0,0,0
7,17,460655.5184,2137.566917,0,1,1.3847,0,0,0,0
7,18,386765.7628,2131.54722,0,1,1.3835,0,0,0,0
7,19,212271.1256,2099.315263,0,1,1.3834,0,0,0,0
8,0,318194.4202,2112.890221,2455.160953,0,0,0,0,0,0
8,1,420821.701,2142.210305,2463.086694,0,0,0,0,0,0
8,2,371175.5753,2136.982791,2457.605489,0,0,0,0,0,0
8,3,337402.1822,2127.539553,876.4270825,1,1.0986,0,0,0,0
8,4,404561.6327,2138.025686,2461.12179,0,0,0,0,0,0
8,5,315555.5062,2120.484039,2455.403097,0,0,0,0,0,0
8,6,362458.6595,2131.242491,2456.88241,0,0,0,0,0,0
8,7,441444.1767,2137.250081,2467.587963,0,0,0,0,0,0
8,8,366505.9584,2122.123539,2456.332184,0,0,0,0,0,0
8,9,258063.0781,2117.410116,2452.052571,0,0,0,0,0,0
8,10,418595.3342,2149.17697,2464.49858,0,0,0,0,0,0
8,11,368363.3944,2130.105346,2458.199672,0,0,0,0,0,0
8,12,310974.3748,2117.517032,2454.41515,0,0,0,0,0,0
8,13,258009.1788,2116.540447,2451.690659,0,0,0,0,0,0
8,14,256864.2162,2113.4682,2452.433109,0,0,0,0,0,0
8,15,335764.1071,2134.54552,2455.192991,0,0,0,0,0,0
8,16,269872.5525,2120.04371,2452.849783,0,0,0,0,0,0
8,17,458186.4349,2137.566917,2469.083481,0,0,0,0,0,0
8,18,384305.7215,2131.54722,2460.04127,0,0,0,0,0,0
8,19,209820.7943,2099.315263,2450.3313,0,0,0,0,0,0
9,0,318191.9226,2112.890221,2457.658574,2,2.0756,0,0,0,0
9,1,420816.4208,2142.210305,2468.366921,2,1.3862,0,0,0,0
9,2,371171.6553,2136.982791,2461.525425,2,1.3851,0,0,0,0
9,3,291458.4899,2127.539553,0,1,1.3841,0,0,0,0
9,4,404556.6017,2138.025686,2466.152795,2,1.3862,0,0,0,0
9,5,315553.4349,2120.484039,2457.474358,2,1.3862,0,0,0,0
9,6,362454.7084,2131.242491,2460.833453,2,1.3862,0,0,0,0
9,7,441440.4123,2137.250081,2471.352369,2,1.3862,0,0,0,0
9,8,366501.1279,2122.123539,2461.162768,2,1.3862,0,0,0,0
9,9,258060.3502,2117.410116,2454.780415,2,1.3862,0,0,0,0
9,10,418591.7084,2149.17697,2468.124405,2,1.3862,0,0,0,0
9,11,368360.3515,2130.105346,2461.24249,2,1.3862,0,0,0,0
9,12,310971.7869,2117.517032,2457.003109,2,1.3862,0,0,0,0
9,13,258006.1615,2116.540447,2454.707958,2,1.3862,0,0,0,0
9,14,256861.9886,2113.4682,2454.660647,2,1.3862,0,0,0,0
9,15,335760.4679,2134.54552,2458.832227,2,1.3862,0,0,0,0
9,16,269870.1111,2120.04371,2455.291152,2,1.3862,0,0,0,0
9,17,458181.8103,2137.566917,2473.708056,1,1.382,0,0,0,0
9,18,384302.5312,2131.54722,2463.231608,2,1.3862,0,0,0,0
9,19,209818.4974,2099.315263,2452.628128,2,1.3862,0,0,0,0
10,0,318191.9226,2112.890221,2457.658574,0,0,0,0,0,0
10,1,376620.4029,2142.210305,882.4364983,1,1.0986,0,0,0,0
10,2,326920.6748,2136.982791,874.9607363,1,1.0986,0,0,0,0
10,3,289004.8118,2127.539553,2453.678101,0,0,0,0,0,0
10,4,360311.3659,2138.025686,878.8230347,1,1.0986,0,0,0,0
10,5,271087.7362,2120.484039,864.1018026,1,1.0986,0,0,0,0
10,6,318131.1307,2131.242491,871.6341749,1,1.0986,0,0,0,0
10,7,416856.7481,2137.250081,882.4546767,1,1.0986,0,0,0,0
10,8,342301.5451,2122.123539,868.0404548,1,1.0986,0,0,0,0
10,9,234024.0943,2117.410116,860.6167872,1,1.0969,0,0,0,0
10,10,374485.1509,2149.17697,885.4542464,1,1.0986,0,0,0,0
10,11,344056.9656,2130.105346,871.4214684,1,1.0986,0,0,0,0
10,12,286904.5161,2117.517032,862.7037693,1,1.0986,0,0,0,0
10,13,233983.283,2116.540447,860.1528032,1,1.0986,0,0,0,0
10,14,232879.2855,2113.4682,858.7008289,1,1.0986,0,0,0,0
10,15,291478.7979,2134.54552,871.6217081,1,1.0986,0,0,0,0
10,16,245792.9022,2120.04371,862.2260199,1,1.0986,0,0,0,0
10,17,458181.0027,2137.566917,2474.515699,0,0,0,0,0,0
10,18,359943.5978,2131.54722,873.607004,1,1.0986,0,0,0,0
10,19,186047.7236,2099.315263,850.5504037,1,1.0986,0,0,0,0
11,0,318191.9226,2112.890221,2457.658574,2,1.3862,0,0,0,0
11,1,330848.7881,2142.210305,0,1,1.3835,0,0,0,0
11,2,281089.6833,2136.982791,0,1,1.3843,0,0,0,0
11,3,289003.7978,2127.539553,2454.692125,2,1.3862,0,0,0,0
11,4,314488.1284,2138.025686,0,1,1.3844,0,0,0,0
11,5,225034.2015,2120.484039,0,1,1.3839,0,0,0,0
11,6,272225.1432,2131.242491,0,1,1.3836,0,0,0,0
11,7,390689.2826,2137.250081,0,1,1.3838,0,0,0,0
11,8,316515.0062,2122.123539,0,1,1.3845,0,0,0,0
11,9,208397.9162,2117.410116,0,1,1.3825,0,0,0,0
11,10,328802.4464,2149.17697,0,1,1.3841,0,0,0,0
11,11,318168.5343,2130.105346,0,1,1.3846,0,0,0,0
11,12,261246.5838,2117.517032,0,1,1.3838,0,0,0,0
11,13,208369.6897,2116.540447,0,1,1.3842,0,0,0,0
11,14,207303.5289,2113.4682,0,1,1.3845,0,0,0,0
11,15,245615.6264,2134.54552,0,1,1.3833,0,0,0,0
11,16,220126.4442,2120.04371,0,1,1.3846,0,0,0,0
11,17,458181.0027,2137.566917,2474.515699,2,1.3862,0,0,0,0
11,18,333999.2825,2131.54722,0,1,1.3841,0,0,0,0
11,19,160678.3188,2099.315263,0,1,1.3844,0,0,0,0
12,0,273640.4646,2112.890221,860.7206064,1,1.0986,0,0,0,0
12,1,328396.2471,2142.210305,2452.540956,0,0,0,0,0,0
12,2,278638.63,2136.982791,2451.053262,0,0,0,0,0,0
12,3,244615.252,2127.539553,865.2305986,1,1.0986,0,0,0,0
12,4,312036.2479,2138.025686,2451.880462,0,0,0,0,0,0
12,5,222586.1281,2120.484039,2448.073402,0,0,0,0,0,0
12,6,269774.8944,2131.242491,2450.248785,0,0,0,0,0,0
12,7,388230.5137,2137.250081,2458.768897,0,0,0,0,0,0
12,8,314062.6919,2122.123539,2452.314273,0,0,0,0,0,0
12,9,205949.6427,2117.410116,2448.27345,0,0,0,0,0,0
12,10,326349.7896,2149.17697,2452.656813,0,0,0,0,0,0
12,11,315715.5856,2130.105346,2452.948689,0,0,0,0,0,0
12,12,258796.1655,2117.517032,2450.418286,0,0,0,0,0,0
12,13,205922.1269,2116.540447,2447.562851,0,0,0,0,0,0
12,14,204855.5158,2113.4682,2448.013052,0,0,0,0,0,0
12,15,243166.3162,2134.54552,2449.310198,0,0,0,0,0,0
12,16,217677.951,2120.04371,2448.493242,0,0,0,0,0,0
12,17,413977.2524,2137.566917,885.0232994,1,1.0986,0,0,0,0
12,18,331545.196,2131.54722,2454.086579,0,0,0,0,0,0
12,19,158232.5064,2099.315263,2445.812337,0,0,0,0,0,0
13,0,227498.1131,2112.890221,0,1,1.3843,0,0,0,0
13,1,328393.4943,2142.210305,2455.29376,1,1.3817,0,0,0,0
13,2,278636.5429,2136.982791,2453.140356,2,1.3862,0,0,0,0
13,3,198641.5143,2127.539553,0,1,1.3844,0,0,0,0
13,4,312033.542,2138.025686,2454.586327,2,1.3862,0,0,0,0
13,5,222583.4826,2120.484039,2450.718917,2,1.3862,0,0,0,0
13,6,269772.3849,2131.242491,2452.758327,2,2.0752,0,0,0,0
13,7,388228.1493,2137.250081,2461.133339,1,1.3822,0,0,0,0
13,8,314060.3925,2122.123539,2454.613708,2,1.3862,0,0,0,0
13,9,205947.9163,2117.410116,2449.999936,2,1.3862,0,0,0,0
13,10,326347.2446,2149.17697,2455.201745,2,1.3862,0,0,0,0
13,11,315713.7144,2130.105346,2454.819903,2,1.3862,0,0,0,0
13,12,258794.2244,2117.517032,2452.359349,2,1.3862,0,0,0,0
13,13,205919.6907,2116.540447,2449.999005,2,1.3862,0,0,0,0
13,14,204853.5051,2113.4682,2450.023778,2,1.3862,0,0,0,0
13,15,243164.0222,2134.54552,2451.604232,2,1.3862,0,0,0,0
13,16,217675.8678,2120.04371,2450.576425,2,1.3862,0,0,0,0
13,17,368195.6065,2137.566917,0,1,1.3835,0,0,0,0
13,18,331543.7502,2131.54722,2455.532365,1,1.3819,0,0,0,0
13,19,158230.5622,2099.315263,2447.756566,2,1.3862,0,0,0,0
14,0,225049.6583,2112.890221,2448.454872,0,0,0,0,0,0
14,1,328393.4943,2142.210305,2455.29376,0,0,0,0,0,0
14,2,234381.9424,2136.982791,868.3855861,1,1.0986,0,0,0,0
14,3,196194.4559,2127.539553,2447.058447,0,0,0,0,0,0
14,4,287750.7727,2138.025686,869.9736518,1,1.0986,0,0,0,0
14,5,178097.6355,2120.484039,858.937295,1,1.0986,0,0,0,0
14,6,269772.3849,2131.242491,2452.758327,0,0,0,0,0,0
14,7,388228.1493,2137.250081,2461.133339,0,0,0,0,0,0
14,8,289982.6747,2122.123539,862.6698647,1,1.0986,0,0,0,0
14,9,181992.5034,2117.410116,856.9657381,1,1.0972,0,0,0,0
14,10,282264.5777,2149.17697,875.5457587,1,1.0986,0,0,0,0
14,11,291528.421,2130.105346,866.5116528,1,1.0986,0,0,0,0
14,12,214281.015,2117.517032,858.8135113,1,1.0986,0,0,0,0
14,13,161377.1424,2116.540447,856.5622345,1,1.0986,0,0,0,0
14,14,160269.3315,2113.4682,855.1503382,1,1.0986,0,0,0,0
14,15,218965.8592,2134.54552,866.1021812,1,1.0986,0,0,0,0
14,16,173181.33,2120.04371,858.6228136,1,1.0986,0,0,0,0
14,17,365738.1467,2137.566917,2457.45983,0,0,0,0,0,0
14,18,331543.7148,2131.54722,2455.567755,0,0,0,0,0,0
14,19,134542.2072,2099.315263,846.8308054,1,1.096,0,0,0,0
15,0,225048.2208,2112.890221,2449.892275,2,1.3862,0,0,0,0
15,1,328393.1661,2142.210305,2455.621958,2,1.3862,0,0,0,0
15,2,188546.6792,2136.982791,0,1,1.3841,0,0,0,0
15,3,196192.9019,2127.539553,2448.612452,2,1.3862,0,0,0,0
15,4,261886.8918,2138.025686,0,1,1.3837,0,0,0,0
15,5,132024.8377,2120.484039,0,1,1.3847,0,0,0,0
15,6,269772.3849,2131.242491,2452.758327,2,1.3862,0,0,0,0
15,7,388228.1493,2137.250081,2461.133339,2,1.3862,0,0,0,0
15,8,264316.5892,2122.123539,0,1,1.3834,0,0,0,0
15,9,156447.6538,2117.410116,0,1,1.3821,0,0,0,0
15,10,236606.7022,2149.17697,0,1,1.3846,0,0,0,0
15,11,265758.6007,2130.105346,0,1,1.3834,0,0,0,0
15,12,168179.2598,2117.517032,0,1,1.3848,0,0,0,0
15,13,115245.7331,2116.540447,0,1,1.3834,0,0,0,0
15,14,114095.0867,2113.4682,0,1,1.3833,0,0,0,0
15,15,193185.8103,2134.54552,0,1,1.3838,0,0,0,0
15,16,127100.1953,2120.04371,0,1,1.3842,0,0,0,0
15,17,365737.7099,2137.566917,2457.89662,2,1.3862,0,0,0,0
15,18,331543.7148,2131.54722,2455.567755,2,1.3862,0,0,0,0
15,19,109257.4024,2099.315263,0,1,1.3817,0,0,0,0
16,0,201154.1053,2112.890221,854.7874399,1,1.0986,0,0,0,0
16,1,284211.3911,2142.210305,872.6849212,1,1.0986,0,0,0,0
16,2,186102.7141,2136.982791,2443.965152,0,0,0,0,0,0
16,3,151786.1113,2127.539553,860.5895184,1,1.0986,0,0,0,0
16,4,259438.9905,2138.025686,2447.901294,0,0,0,0,0,0
16,5,129583.4619,2120.484039,2441.375889,0,0,0,0,0,0
16,6,225456.1566,2131.242491,865.466,1,1.0986,0,0,0,0
16,7,363845.0865,2137.250081,874.6237807,1,1.0986,0,0,0,0
16,8,261868.7825,2122.123539,2447.806671,0,0,0,0,0,0
16,9,154005.3862,2117.410116,2442.267537,0,0,0,0,0,0
16,10,234160.4291,2149.17697,2446.273156,0,0,0,0,0,0
16,11,263310.6729,2130.105346,2447.927743,0,0,0,0,0,0
16,12,165736.206,2117.517032,2443.05376,0,0,0,0,0,0
16,13,112804.8949,2116.540447,2440.838143,0,0,0,0,0,0
16,14,111654.3721,2113.4682,2440.71465,0,0,0,0,0,0
16,15,190741.6507,2134.54552,2444.159612,0,0,0,0,0,0
16,16,124658.7717,2120.04371,2441.423573,0,0,0,0,0,0
16,17,321507.2023,2137.566917,872.3379019,1,1.0986,0,0,0,0
16,18,287231.1436,2131.54722,867.7474693,1,1.0986,0,0,0,0
16,19,106817.6338,2099.315263,2439.768612,0,0,0,0,0,0
17,0,175669.7766,2112.890221,0,1,1.3839,0,0,0,0
17,1,238452.848,2142.210305,0,1,1.3843,0,0,0,0
17,2,186101.1694,2136.982791,2445.509844,2,1.3862,0,0,0,0
17,3,105797.068,2127.539553,0,1,1.3835,0,0,0,0
17,4,259437.3888,2138.025686,2449.502982,2,1.3862,0,0,0,0
17,5,129582.4719,2120.484039,2442.365885,2,1.3862,0,0,0,0
17,6,179559.013,2131.242491,0,1,1.3846,0,0,0,0
17,7,337879.4419,2137.250081,0,1,1.3835,0,0,0,0
17,8,261866.9991,2122.123539,2449.590154,2,1.3862,0,0,0,0
17,9,154003.8376,2117.410116,2443.81614,2,1.3862,0,0,0,0
17,10,234158.5208,2149.17697,2448.181435,2,1.3862,0,0,0,0
17,11,263308.9859,2130.105346,2449.614741,2,1.3862,0,0,0,0
17,12,165734.6204,2117.517032,2444.639429,2,1.3862,0,0,0,0
17,13,112803.8671,2116.540447,2441.865951,2,1.3862,0,0,0,0
17,14,111653.6588,2113.4682,2441.427857,2,1.3862,0,0,0,0
17,15,190739.8368,2134.54552,2445.973456,2,1.3862,0,0,0,0
17,16,124657.9475,2120.04371,2442.247793,2,1.3862,0,0,0,0
17,17,275696.1469,2137.566917,0,1,1.3845,0,0,0,0
17,18,241336.6513,2131.54722,0,1,1.3837,0,0,0,0
17,19,106815.9864,2099.315263,2441.415936,2,1.3862,0,0,0,0
18,0,173227.6036,2112.890221,2442.172915,0,0,0,0,0,0
18,1,236007.7506,2142.210305,2445.097454,0,0,0,0,0,0
18,2,141837.201,2136.982791,862.5625682,1,1.0986,0,0,0,0
18,3,103357.6948,2127.539553,2439.373173,0,0,0,0,0,0
18,4,215198.7834,2138.025686,866.0929775,1,1.0986,0,0,0,0
18,5,85102.73707,2120.484039,852.5642194,1,1.0986,0,0,0,0
18,6,177116.5351,2131.242491,2442.47783,0,0,0,0,0,0
18,7,335425.8557,2137.250081,2453.586273,0,0,0,0,0,0
18,8,217421.9998,2122.123539,858.8349005,1,1.0986,0,0,0,0
18,9,109486.8229,2117.410116,852.2463572,1,1.0986,0,0,0,0
18,10,209840.9181,2149.17697,870.18284,1,1.0986,0,0,0,0
18,11,239209.5303,2130.105346,862.537274,1,1.0986,0,0,0,0
18,12,141880.6178,2117.517032,852.9257141,1,1.0986,0,0,0,0
18,13,89006.99919,2116.540447,850.3562419,1,1.0986,0,0,0,0
18,14,67078.06867,2113.4682,848.5989212,1,1.0986,0,0,0,0
18,15,146447.5547,2134.54552,861.8001708,1,1.0986,0,0,0,0
18,16,100811.23,2120.04371,852.2715619,1,1.0986,0,0,0,0
18,17,273249.2328,2137.566917,2446.914092,0,0,0,0,0,0
18,18,238891.4092,2131.54722,2445.242181,0,0,0,0,0,0
18,19,83250.9165,2099.315263,841.9923567,1,1.0986,0,0,0,0
19,0,173226.8536,2112.890221,2442.923002,2,1.3862,0,0,0,0
19,1,236006.893,2142.210305,2445.955016,2,1.3862,0,0,0,0
19,2,95995.1715,2136.982791,0,1,1.3847,0,0,0,0
19,3,103357.5529,2127.539553,2439.515106,2,1.3862,0,0,0,0
19,4,169382.1335,2138.025686,0,1,1.3845,0,0,0,0
19,5,39037.40218,2120.484039,0,1,1.3847,0,0,0,0
19,6,177115.9207,2131.242491,2443.092316,2,1.3862,0,0,0,0
19,7,335424.9681,2137.250081,2454.473823,2,1.3862,0,0,0,0
19,8,171391.743,2122.123539,0,1,1.3845,0,0,0,0
19,9,63383.07321,2117.410116,0,1,1.3844,0,0,0,0
19,10,183949.5235,2149.17697,0,1,1.3839,0,0,0,0
19,11,213527.4725,2130.105346,0,1,1.3846,0,0,0,0
19,12,116438.7621,2117.517032,0,1,1.3842,0,0,0,0
19,13,63622.38763,2116.540447,0,1,1.3843,0,0,0,0
19,14,20913.19379,2113.4682,0,1,1.3842,0,0,0,0
19,15,100575.8691,2134.54552,0,1,1.3837,0,0,0,0
19,16,75377.40946,2120.04371,0,1,1.3847,0,0,0,0
19,17,273248.088,2137.566917,2448.058873,2,1.3862,0,0,0,0
19,18,238890.1871,2131.54722,2446.464263,2,1.3862,0,0,0,0
19,19,58089.09791,2099.315263,0,1,1.384,0,0,0,0
20,0,149471.7837,2112.890221,849.4695125,1,1.0986,0,0,0,0
20,1,211821.6999,2142.210305,865.3020003,1,1.0971,0,0,0,0
20,2,93558.02531,2136.982791,2437.146194,0,0,0,0,0,0
20,3,58980.95029,2127.539553,853.6508237,1,1.0986,0,0,0,0
20,4,166941.2179,2138.025686,2440.915629,0,0,0,0,0,0
20,5,36603.09298,2120.484039,2434.309199,0,0,0,0,0,0
20,6,132793.0756,2131.242491,858.0836509,1,1.0986,0,0,0,0
20,7,291200.5171,2137.250081,869.5312145,1,1.0986,0,0,0,0
20,8,168950.9569,2122.123539,2440.786175,0,0,0,0,0,0
20,9,60946.81289,2117.410116,2436.26032,0,0,0,0,0,0
20,10,181508.0266,2149.17697,2441.496961,0,0,0,0,0,0
20,11,211084.8479,2130.105346,2442.624606,0,0,0,0,0,0
20,12,114000.6194,2117.517032,2438.142709,0,0,0,0,0,0
20,13,61186.78073,2116.540447,2435.606904,0,0,0,0,0,0
20,14,18479.71757,2113.4682,2433.476225,0,0,0,0,0,0
20,15,98138.00186,2134.54552,2437.867224,0,0,0,0,0,0
20,16,72941.0601,2120.04371,2436.349355,0,0,0,0,0,0
20,17,249091.5232,2137.566917,864.7770314,1,1.0986,0,0,0,0
20,18,214835.0752,2131.54722,860.7918473,1,1.0986,0,0,0,0
20,19,55654.13977,2099.315263,2434.958145,0,0,0,0,0,0
21,0,124125.6527,2112.890221,0,1,1.3842,0,0,0,0
21,1,186058.4885,2142.210305,0,1,1.3822,0,0,0,0
21,2,93556.47391,2136.982791,2438.697591,2,1.3862,0,0,0,0
21,3,13021.60692,2127.539553,0,1,1.3836,0,0,0,0
21,4,166940.0394,2138.025686,2442.094125,2,1.3862,0,0,0,0
21,5,36601.76324,2120.484039,2435.638942,2,1.3862,0,0,0,0
21,6,86888.83541,2131.242491,0,1,1.3845,0,0,0,0
21,7,245397.1745,2137.250081,0,1,1.3847,0,0,0,0
21,8,168949.7039,2122.123539,2442.039177,2,1.3862,0,0,0,0
21,9,60945.58634,2117.410116,2437.486872,2,1.3862,0,0,0,0
21,10,181506.6924,2149.17697,2442.831174,2,1.3862,0,0,0,0
21,11,211083.1311,2130.105346,2444.341406,1,1.3813,0,0,0,0
21,12,113999.3178,2117.517032,2439.444326,2,1.3862,0,0,0,0
21,13,61185.5335,2116.540447,2436.854132,2,1.3862,0,0,0,0
21,14,18479.71757,2113.4682,2433.476225,2,1.3862,0,0,0,0
21,15,98137.1525,2134.54552,2438.71659,2,1.3862,0,0,0,0
21,16,72939.61991,2120.04371,2437.789552,2,1.3862,0,0,0,0
21,17,223354.6626,2137.566917,0,1,1.3848,0,0,0,0
21,18,189197.3245,2131.54722,0,1,1.3848,0,0,0,0
21,19,55652.24229,2099.315263,2436.855622,2,1.3862,0,0,0,0
22,0,121687.6111,2112.890221,2438.041568,0,0,0,0,0,0
22,1,183617.6377,2142.210305,2440.850809,0,0,0,0,0,0
22,2,69569.89844,2136.982791,857.3760388,1,1.0986,0,0,0,0
22,3,10589.65378,2127.539553,2431.95314,0,0,0,0,0,0
22,4,142881.9972,2138.025686,860.4443614,1,1.0986,0,0,0,0
22,5,0,2120.484039,847.4399971,1,1.0986,0,0,0,0
22,6,84452.40261,2131.242491,2436.432801,0,0,0,0,0,0
22,7,242952.4626,2137.250081,2444.711886,0,0,0,0,0,0
22,8,124520.0265,2122.123539,853.075026,1,1.0986,0,0,0,0
22,9,16446.27947,2117.410116,847.4209082,1,1.0986,0,0,0,0
22,10,157293.5088,2149.17697,866.1027319,1,1.0966,0,0,0,0
22,11,211083.1311,2130.105346,2444.341406,0,0,0,0,0,0
22,12,90250.66512,2117.517032,848.9624596,1,1.0986,0,0,0,0
22,13,37493.81708,2116.540447,846.5385033,1,1.0986,0,0,0,0
22,14,0,2113.4682,842.7345986,1,1.0986,0,0,0,0
22,15,53864.43468,2134.54552,856.2686616,1,1.0986,0,0,0,0
22,16,28479.08282,2120.04371,848.8743348,1,1.0986,0,0,0,0
22,17,220911.678,2137.566917,2442.984655,0,0,0,0,0,0
22,18,186756.2938,2131.54722,2441.030741,0,0,0,0,0,0
22,19,32183.6588,2099.315263,838.5173351,1,1.0986,0,0,0,0
23,0,121686.5319,2112.890221,2439.120784,2,1.3862,0,0,0,0
23,1,183615.941,2142.210305,2442.547493,2,1.3862,0,0,0,0
23,2,44004.93304,2136.982791,0,1,1.3837,0,0,0,0
23,3,10589.0473,2127.539553,2432.559617,2,2.0751,0,0,0,0
23,4,117245.0847,2138.025686,0,1,1.3845,0,0,0,0
23,5,0,2120.484039,847.4399971,0,0,0,0,0,0
23,6,84451.25038,2131.242491,2437.585033,2,1.3862,0,0,0,0
23,7,242951.9353,2137.250081,2445.239201,1,1.3797,0,0,0,0
23,8,78505.12312,2122.123539,0,1,1.3836,0,0,0,0
23,9,0,2117.410116,0,1,1.3836,0,0,0,0
23,10,131506.4215,2149.17697,0,1,1.3818,0,0,0,0
23,11,211083.1311,2130.105346,2444.341406,2,1.3862,0,0,0,0
23,12,64914.13418,2117.517032,0,1,1.3833,0,0,0,0
23,13,12214.4406,2116.540447,0,1,1.3842,0,0,0,0
23,14,0,2113.4682,842.7345986,0,0,0,0,0,0
23,15,8012.982686,2134.54552,0,1,1.3841,0,0,0,0
23,16,0,2120.04371,0,1,1.3835,0,0,0,0
23,17,220910.4816,2137.566917,2444.181032,1,1.3832,0,0,0,0
23,18,186754.7709,2131.54722,2442.553639,2,1.3862,0,0,0,0
23,19,7120.112145,2099.315263,0,1,1.3838,0,0,0,0
24,0,98009.74436,2112.890221,846.5706707,1,1.0986,0,0,0,0
24,1,139462.123,2142.210305,862.7049227,1,1.0986,0,0,0,0
24,2,41571.49928,2136.982791,2433.433756,0,0,0,0,0,0
24,3,0,2127.539553,848.511456,1,1.0986,0,0,0,0
24,4,114808.0924,2138.025686,2436.99234,0,0,0,0,0,0
24,5,0,2120.484039,847.4399971,1,0.6918,0,0,0,0
24,6,60565.68816,2131.242491,853.8851469,1,1.0986,0,0,0,0
24,7,242951.358,2137.250081,2445.816435,0,0,0,0,0,0
24,8,76069.75482,2122.123539,2435.368299,0,0,0,0,0,0
24,9,0,2117.410116,0,0,0,0,0,0,0
24,10,129068.4859,2149.17697,2437.935583,0,0,0,0,0,0
24,11,166780.4179,2130.105346,858.5135191,1,1.0986,0,0,0,0
24,12,62479.74097,2117.517032,2434.393205,0,0,0,0,0,0
24,13,9782.896498,2116.540447,2431.544103,0,0,0,0,0,0
24,14,0,2113.4682,842.7345986,1,0.6931,0,0,0,0
24,15,5582.064432,2134.54552,2430.918254,0,0,0,0,0,0
24,16,0,2120.04371,0,0,0,0,0,0,0
24,17,220910.4816,2137.566917,2444.181032,0,0,0,0,0,0
24,18,162779.1071,2131.54722,857.8082457,1,1.0966,0,0,0,0
24,19,4688.67235,2099.315263,2431.439795,0,0,0,0,0,0
25,0,72742.703,2112.890221,0,1,1.3837,0,0,0,0
25,1,93732.20028,2142.210305,0,1,1.3844,0,0,0,0
25,2,41570.08107,2136.982791,2434.851974,2,1.3862,0,0,0,0
25,3,0,2127.539553,848.511456,0,0,0,0,0,0
25,4,114806.4091,2138.025686,2438.675612,2,1.3862,0,0,0,0
25,5,0,2120.484039,0,1,1.0968,0,0,0,0
25,6,35099.13156,2131.242491,0,1,1.3844,0,0,0,0
25,7,242951.358,2137.250081,2445.816435,1,1.3816,0,0,0,0
25,8,76068.55192,2122.123539,2436.571196,2,1.3862,0,0,0,0
25,9,0,2117.410116,0,1,0.6931,0,0,0,0
25,10,129067.0824,2149.17697,2439.339086,2,1.3862,0,0,0,0
25,11,120896.242,2130.105346,0,1,1.3841,0,0,0,0
25,12,62478.21267,2117.517032,2435.921505,2,1.3862,0,0,0,0
25,13,9781.6977,2116.540447,2432.742901,2,1.3862,0,0,0,0
25,14,0,2113.4682,0,1,1.0986,0,0,0,0
25,15,5580.815901,2134.54552,2432.166785,2,1.3862,0,0,0,0
25,16,0,2120.04371,0,1,0.6931,0,0,0,0
25,17,220910.4816,2137.566917,2444.181032,1,1.3823,0,0,0,0
25,18,137221.3387,2131.54722,0,1,1.3824,0,0,0,0
25,19,4687.940703,2099.315263,2432.171442,2,1.3862,0,0,0,0
26,0,70308.02816,2112.890221,2434.674837,0,0,0,0,0,0
26,1,91296.696,2142.210305,2435.504273,0,0,0,0,0,0
26,2,0,2136.982791,854.4487406,1,1.0986,0,0,0,0
26,3,0,2127.539553,848.511456,1,0.6931,0,0,0,0
26,4,90818.59037,2138.025686,857.8399258,1,1.0986,0,0,0,0
26,5,0,2120.484039,0,0,0,0,0,0,0
26,6,32666.49464,2131.242491,2432.636917,0,0,0,0,0,0
26,7,242950.9646,2137.250081,2446.209826,0,0,0,0,0,0
26,8,31654.85885,2122.123539,848.9061656,1,1.0986,0,0,0,0
26,9,0,2117.410116,0,0,0,0,0,0,0
26,10,104925.1386,2149.17697,863.440988,1,1.0986,0,0,0,0
26,11,118459.383,2130.105346,2436.858974,0,0,0,0,0,0
26,12,38801.78701,2117.517032,846.2814294,1,1.0986,0,0,0,0
26,13,0,2116.540447,843.4088591,1,1.0986,0,0,0,0
26,14,0,2113.4682,0,0,0,0,0,0,0
26,15,0,2134.54552,851.2871407,1,1.0986,0,0,0,0
26,16,0,2120.04371,0,0,0,0,0,0,0
26,17,220910.4816,2137.566917,2444.181032,0,0,0,0,0,0
26,18,134783.6803,2131.54722,2437.658422,0,0,0,0,0,0
26,19,0,2099.315263,834.9505129,1,1.0986,0,0,0,0
27,0,70306.80683,2112.890221,2435.896173,2,1.3862,0,0,0,0
27,1,91295.20552,2142.210305,2436.994761,2,1.3862,0,0,0,0
27,2,0,2136.982791,854.4487406,0,0,0,0,0,0
27,3,0,2127.539553,0,1,1.0986,0,0,0,0
27,4,65252.75805,2138.025686,0,1,1.3838,0,0,0,0
27,5,0,2120.484039,0,1,0.6931,0,0,0,0
27,6,32665.15596,2131.242491,2433.9756,2,1.3862,0,0,0,0
27,7,242950.9646,2137.250081,2446.209826,2,1.3862,0,0,0,0
27,8,0,2122.123539,0,1,1.3836,0,0,0,0
27,9,0,2117.410116,0,1,0.6931,0,0,0,0
27,10,79209.94399,2149.17697,0,1,1.3837,0,0,0,0
27,11,118457.9022,2130.105346,2438.339777,2,1.3862,0,0,0,0
27,12,13538.3936,2117.517032,0,1,1.3845,0,0,0,0
27,13,0,2116.540447,843.4088591,0,0,0,0,0,0
27,14,0,2113.4682,0,1,0.6931,0,0,0,0
27,15,0,2134.54552,851.2871407,0,0,0,0,0,0
27,16,0,2120.04371,0,1,0.6931,0,0,0,0
27,17,220910.4816,2137.566917,2444.181032,2,2.0761,0,0,0,0
27,18,134782.2195,2131.54722,2439.119294,2,1.3862,0,0,0,0
27,19,0,2099.315263,834.9505129,0,0,0,0,0,0
28,0,46695.80037,2112.890221,844.1175172,1,1.0986,0,0,0,0
28,1,47150.88777,2142.210305,858.4762163,1,1.0986,0,0,0,0
28,2,0,2136.982791,854.4487406,1,0.6931,0,0,0,0
28,3,0,2127.539553,0,0,0,0,0,0,0
28,4,62819.09649,2138.025686,2433.661558,0,0,0,0,0,0
28,5,0,2120.484039,0,0,0,0,0,0,0
28,6,8849.653421,2131.242491,851.1438723,1,1.0986,0,0,0,0
28,7,198759.2225,2137.250081,863.6517339,1,1.0986,0,0,0,0
28,8,0,2122.123539,0,0,0,0,0,0,0
28,9,0,2117.410116,0,0,0,0,0,0,0
28,10,76775.52024,2149.17697,2434.423752,0,0,0,0,0,0
28,11,94582.37709,2130.105346,853.9348615,1,1.0986,0,0,0,0
28,12,11107.41202,2117.517032,2430.981584,0,0,0,0,0,0
28,13,0,2116.540447,843.4088591,1,1.3816,0,0,0,0
28,14,0,2113.4682,0,0,0,0,0,0,0
28,15,0,2134.54552,851.2871407,1,0.6931,0,0,0,0
28,16,0,2120.04371,0,0,0,0,0,0,0
28,17,176720.8848,2137.566917,862.1255465,1,1.0986,0,0,0,0
28,18,110874.3996,2131.54722,855.1991627,1,1.0986,0,0,0,0
28,19,0,2099.315263,834.9505129,1,0.6931,0,0,0,0
29,0,21495.65799,2112.890221,0,1,1.3841,0,0,0,0
29,1,1431.810105,2142.210305,0,1,1.3844,0,0,0,0
29,2,0,2136.982791,0,1,1.0986,0,0,0,0
29,3,0,2127.539553,0,1,0.6931,0,0,0,0
29,4,62817.94444,2138.025686,2434.813604,2,1.3862,0,0,0,0
29,5,0,2120.484039,0,1,0.6931,0,0,0,0
29,6,0,2131.242491,0,1,1.3842,0,0,0,0
29,7,152989.3878,2137.250081,0,1,1.3848,0,0,0,0
29,8,0,2122.123539,0,1,0.6931,0,0,0,0
29,9,0,2117.410116,0,1,0.6931,0,0,0,0
29,10,76774.34789,2149.17697,2435.596101,2,1.3862,0,0,0,0
29,11,69125.28216,2130.105346,0,1,1.3848,0,0,0,0
29,12,11105.90775,2117.517032,2432.485856,2,1.3862,0,0,0,0
29,13,0,2116.540447,843.4088591,0,0,0,0,0,0
29,14,0,2113.4682,0,1,0.6931,0,0,0,0
29,15,0,2134.54552,0,1,1.0986,0,0,0,0
29,16,0,2120.04371,0,1,0.6931,0,0,0,0
29,17,130953.4431,2137.566917,0,1,1.3835,0,0,0,0
29,18,85384.77097,2131.54722,0,1,1.3834,0,0,0,0
29,19,0,2099.315263,0,1,1.0986,0,0,0,0
30,0,19064.69764,2112.890221,2430.96035,0,0,0,0,0,0
30,1,0,2142.210305,1431.810105,0,0,0,0,0,0
30,2,0,2136.982791,0,0,0,0,0,0,0
30,3,0,2127.539553,0,0,0,0,0,0,0
30,4,18627.87488,2138.025686,854.8960625,1,1.0986,0,0,0,0
30,5,0,2120.484039,0,0,0,0,0,0,0
30,6,0,2131.242491,0,0,0,0,0,0,0
30,7,150550.5793,2137.250081,2438.808419,0,0,0,0,0,0
30,8,0,2122.123539,0,0,0,0,0,0,0
30,9,0,2117.410116,0,0,0,0,0,0,0
30,10,52707.2045,2149.17697,860.5957444,1,1.0986,0,0,0,0
30,11,66692.16431,2130.105346,2433.117852,0,0,0,0,0,0
30,12,0,2117.517032,843.6678744,1,1.0986,0,0,0,0
30,13,0,2116.540447,843.4088591,1,1.3823,0,0,0,0
30,14,0,2113.4682,0,0,0,0,0,0,0
30,15,0,2134.54552,0,0,0,0,0,0,0
30,16,0,2120.04371,0,0,0,0,0,0,0
30,17,128516.5126,2137.566917,2436.9305,0,0,0,0,0,0
30,18,82950.6771,2131.54722,2434.093878,0,0,0,0,0,0
30,19,0,2099.315263,0,0,0,0,0,0,0
31,0,19063.27197,2112.890221,2432.386018,2,1.3862,0,0,0,0
31,1,0,2142.210305,1431.810105,2,1.3862,0,0,0,0
31,2,0,2136.982791,0,1,0.6931,0,0,0,0
31,3,0,2127.539553,0,1,0.6931,0,0,0,0
31,4,0,2138.025686,0,1,1.3846,0,0,0,0
31,5,0,2120.484039,0,1,0.6931,0,0,0,0
31,6,0,2131.242491,0,1,0.6931,0,0,0,0
31,7,150550.1057,2137.250081,2439.282089,1,1.3822,0,0,0,0
31,8,0,2122.123539,0,1,0.6931,0,0,0,0
31,9,0,2117.410116,0,1,0.6931,0,0,0,0
31,10,27067.60493,2149.17697,0,1,1.3839,0,0,0,0
31,11,66690.47917,2130.105346,2434.802987,2,1.3862,0,0,0,0
31,12,0,2117.517032,843.6678744,0,0,0,0,0,0
31,13,0,2116.540447,843.4088591,0,0,0,0,0,0
31,14,0,2113.4682,0,1,0.6931,0,0,0,0
31,15,0,2134.54552,0,1,0.6931,0,0,0,0
31,16,0,2120.04371,0,1,0.6931,0,0,0,0
31,17,128515.8111,2137.566917,2437.631972,2,1.3862,0,0,0,0
31,18,82949.1419,2131.54722,2435.62907,2,1.3862,0,0,0,0
31,19,0,2099.315263,0,1,0.6931,0,0,0,0
32,0,0,2112.890221,841.4483045,1,1.0986,0,0,0,0
32,1,0,2142.210305,197.4874294,1,1.0972,0,0,0,0
32,2,0,2136.982791,0,0,0,0,0,0,0
32,3,0,2127.539553,0,0,0,0,0,0,0
32,4,0,2138.025686,0,0,0,0,0,0,0
32,5,0,2120.484039,0,0,0,0,0,0,0
32,6,0,2131.242491,0,0,0,0,0,0,0
32,7,150549.5472,2137.250081,2439.84051,0,0,0,0,0,0
32,8,0,2122.123539,0,0,0,0,0,0,0
32,9,0,2117.410116,0,0,0,0,0,0,0
32,10,24636.79956,2149.17697,2430.805378,0,0,0,0,0,0
32,11,22408.40919,2130.105346,851.2472282,1,1.0986,0,0,0,0
32,12,0,2117.517032,843.6678744,1,0.6931,0,0,0,0
32,13,0,2116.540447,843.4088591,1,0.6931,0,0,0,0
32,14,0,2113.4682,0,0,0,0,0,0,0
32,15,0,2134.54552,0,0,0,0,0,0,0
32,16,0,2120.04371,0,0,0,0,0,0,0
32,17,84335.16484,2137.566917,857.2389402,1,1.0986,0,0,0,0
32,18,38686.36825,2131.54722,852.5365897,1,1.0986,0,0,0,0
32,19,0,2099.315263,0,0,0,0,0,0,0
33,0,0,2112.890221,841.4483045,0,0,0,0,0,0
33,1,0,2142.210305,197.4874294,0,0,0,0,0,0
33,2,0,2136.982791,0,1,0.6931,0,0,0,0
33,3,0,2127.539553,0,1,0.6931,0,0,0,0
33,4,0,2138.025686,0,1,0.6931,0,0,0,0
33,5,0,2120.484039,0,1,0.6931,0,0,0,0
33,6,0,2131.242491,0,1,0.6931,0,0,0,0
33,7,150549.5472,2137.250081,2439.84051,1,1.3823,0,0,0,0
33,8,0,2122.123539,0,1,0.6931,0,0,0,0
33,9,0,2117.410116,0,1,0.6931,0,0,0,0
33,10,24635.49645,2149.17697,2432.108484,1,1.3815,0,0,0,0
33,11,0,2130.105346,0,1,1.3842,0,0,0,0
33,12,0,2117.517032,0,1,1.0986,0,0,0,0
33,13,0,2116.540447,0,1,1.0986,0,0,0,0
33,14,0,2113.4682,0,1,1.3826,0,0,0,0
33,15,0,2134.54552,0,1,0.6931,0,0,0,0
33,16,0,2120.04371,0,1,0.6931,0,0,0,0
33,17,38577.42227,2137.566917,0,1,1.3838,0,0,0,0
33,18,0,2131.54722,0,1,1.384,0,0,0,0
33,19,0,2099.315263,0,1,0.6931,0,0,0,0
34,0,0,2112.890221,841.4483045,1,0.6931,0,0,0,0
34,1,0,2142.210305,197.4874294,1,0.6931,0,0,0,0
34,2,0,2136.982791,0,0,0,0,0,0,0
34,3,0,2127.539553,0,0,0,0,0,0,0
34,4,0,2138.025686,0,0,0,0,0,0,0
34,5,0,2120.484039,0,0,0,0,0,0,0
34,6,0,2131.242491,0,0,0,0,0,0,0
34,7,150549.5472,2137.250081,2439.84051,0,0,0,0,0,0
34,8,0,2122.123539,0,0,0,0,0,0,0
34,9,0,2117.410116,0,0,0,0,0,0,0
34,10,24635.49645,2149.17697,2432.108484,0,0,0,0,0,0
34,11,0,2130.105346,0,0,0,0,0,0,0
34,12,0,2117.517032,0,0,0,0,0,0,0
34,13,0,2116.540447,0,0,0,0,0,0,0
34,14,0,2113.4682,0,0,0,0,0,0,0
34,15,0,2134.54552,0,0,0,0,0,0,0
34,16,0,2120.04371,0,0,0,0,0,0,0
34,17,36146.02345,2137.566917,2431.398816,0,0,0,0,0,0
34,18,0,2131.54722,0,0,0,0,0,0,0
34,19,0,2099.315263,0,0,0,0,0,0,0
35,0,0,2112.890221,0,1,1.0986,0,0,0,0
35,1,0,2142.210305,197.4874294,0,0,0,0,0,0
35,2,0,2136.982791,0,1,1.3824,0,0,0,0
35,3,0,2127.539553,0,1,0.6931,0,0,0,0
35,4,0,2138.025686,0,1,0.6931,0,0,0,0
35,5,0,2120.484039,0,1,0.6931,0,0,0,0
35,6,0,2131.242491,0,1,1.3809,0,0,0,0
35,7,150549.4563,2137.250081,2439.931408,1,1.382,0,0,0,0
35,8,0,2122.123539,0,1,0.6931,0,0,0,0
35,9,0,2117.410116,0,1,0.6931,0,0,0,0
35,10,24635.49645,2149.17697,2432.108484,1,1.3808,0,0,0,0
35,11,0,2130.105346,0,1,1.3817,0,0,0,0
35,12,0,2117.517032,0,1,0.6931,0,0,0,0
35,13,0,2116.540447,0,1,0.6931,0,0,0,0
35,14,0,2113.4682,0,1,0.6931,0,0,0,0
35,15,0,2134.54552,0,1,0.6931,0,0,0,0
35,16,0,2120.04371,0,1,0.6931,0,0,0,0
35,17,36145.21004,2137.566917,2432.212234,1,1.3824,0,0,0,0
35,18,0,2131.54722,0,1,1.3819,0,0,0,0
35,19,0,2099.315263,0,1,0.6931,0,0,0,0
36,0,0,2112.890221,0,0,0,0,0,0,0
36,1,0,2142.210305,197.4874294,1,0.6931,0,0,0,0
36,2,0,2136.982791,0,0,0,0,0,0,0
36,3,0,2127.539553,0,0,0,0,0,0,0
36,4,0,2138.025686,0,0,0,0,0,0,0
36,5,0,2120.484039,0,0,0,0,0,0,0
36,6,0,2131.242491,0,0,0,0,0,0,0
36,7,150548.7018,2137.250081,2440.685965,0,0,0,0,0,0
36,8,0,2122.123539,0,0,0,0,0,0,0
36,9,0,2117.410116,0,0,0,0,0,0,0
36,10,24635.49645,2149.17697,2432.108484,0,0,0,0,0,0
36,11,0,2130.105346,0,0,0,0,0,0,0
36,12,0,2117.517032,0,0,0,0,0,0,0
36,13,0,2116.540447,0,0,0,0,0,0,0
36,14,0,2113.4682,0,0,0,0,0,0,0
36,15,0,2134.54552,0,0,0,0,0,0,0
36,16,0,2120.04371,0,0,0,0,0,0,0
36,17,36144.86675,2137.566917,2432.555519,0,0,0,0,0,0
36,18,0,2131.54722,0,0,0,0,0,0,0
36,19,0,2099.315263,0,0,0,0,0,0,0
37,0,0,2112.890221,0,1,0.6931,0,0,0,0
37,1,0,2142.210305,197.4874294,0,0,0,0,0,0
37,2,0,2136.982791,0,1,0.6931,0,0,0,0
37,3,0,2127.539553,0,1,0.6931,0,0,0,0
37,4,0,2138.025686,0,1,0.6931,0,0,0,0
37,5,0,2120.484039,0,1,0.6931,0,0,0,0
37,6,0,2131.242491,0,1,0.6931,0,0,0,0
37,7,150548.6418,2137.250081,2440.745942,1,1.0986,0,0,0,0
37,8,0,2122.123539,0,1,0.6931,0,0,0,0
37,9,0,2117.410116,0,1,1.3818,0,0,0,0
37,10,24635.49645,2149.17697,2432.108484,1,1.3816,0,0,0,0
37,11,0,2130.105346,0,1,0.6931,0,0,0,0
37,12,0,2117.517032,0,1,0.6931,0,0,0,0
37,13,0,2116.540447,0,1,0.6931,0,0,0,0
37,14,0,2113.4682,0,1,0.6916,0,0,0,0
37,15,0,2134.54552,0,1,0.6931,0,0,0,0
37,16,0,2120.04371,0,1,0.6931,0,0,0,0
37,17,36144.81888,2137.566917,2432.603389,1,1.381,0,0,0,0
37,18,0,2131.54722,0,1,0.6931,0,0,0,0
37,19,0,2099.315263,0,1,0.6931,0,0,0,0
38,0,0,2112.890221,0,0,0,0,0,0,0
38,1,0,2142.210305,197.4874294,1,0.6931,0,0,0,0
38,2,0,2136.982791,0,0,0,0,0,0,0
38,3,0,2127.539553,0,0,0,0,0,0,0
38,4,0,2138.025686,0,0,0,0,0,0,0
38,5,0,2120.484039,0,0,0,0,0,0,0
38,6,0,2131.242491,0,0,0,0,0,0,0
38,7,82426.39737,2137.250081,0,1,1.3863,0,0,0,0
38,8,0,2122.123539,0,0,0,0,0,0,0
38,9,0,2117.410116,0,0,0,0,0,0,0
38,10,24635.10138,2149.17697,2432.503551,0,0,0,0,0,0
38,11,0,2130.105346,0,0,0,0,0,0,0
38,12,0,2117.517032,0,0,0,0,0,0,0
38,13,0,2116.540447,0,0,0,0,0,0,0
38,14,0,2113.4682,0,0,0,0,0,0,0
38,15,0,2134.54552,0,0,0,0,0,0,0
38,16,0,2120.04371,0,0,0,0,0,0,0
38,17,36144.18688,2137.566917,2433.235385,0,0,0,0,0,0
38,18,0,2131.54722,0,0,0,0,0,0,0
38,19,0,2099.315263,0,0,0,0,0,0,0
39,0,0,2112.890221,0,1,0.6931,0,0,0,0
39,1,0,2142.210305,197.4874294,0,0,0,0,0,0
39,2,0,2136.982791,0,1,0.6931,0,0,0,0
39,3,0,2127.539553,0,1,0.6931,0,0,0,0
39,4,0,2138.025686,0,1,0.6931,0,0,0,0
39,5,0,2120.484039,0,1,0.6931,0,0,0,0
39,6,0,2131.242491,0,1,0.6931,0,0,0,0
39,7,79990.85994,2137.250081,2435.537428,0,0,0,0,0,0
39,8,0,2122.123539,0,1,0.6931,0,0,0,0
39,9,0,2117.410116,0,1,0.6931,0,0,0,0
39,10,24635.00397,2149.17697,2432.600968,2,1.3862,0,0,0,0
39,11,0,2130.105346,0,1,0.6931,0,0,0,0
39,12,0,2117.517032,0,1,0.6931,0,0,0,0
39,13,0,2116.540447,0,1,0.6931,0,0,0,0
39,14,0,2113.4682,0,1,0.6931,0,0,0,0
39,15,0,2134.54552,0,1,0.6931,0,0,0,0
39,16,0,2120.04371,0,1,0.6931,0,0,0,0
39,17,36144.08947,2137.566917,2433.332801,1,1.3815,0,0,0,0
39,18,0,2131.54722,0,1,0.6931,0,0,0,0
39,19,0,2099.315263,0,1,0.6931,0,0,0,0
40,0,0,2112.890221,0,0,0,0,0,0,0
40,1,0,2142.210305,197.4874294,1,0.6931,0,0,0,0
40,2,0,2136.982791,0,0,0,0,0,0,0
40,3,0,2127.539553,0,0,0,0,0,0,0
40,4,0,2138.025686,0,0,0,0,0,0,0
40,5,0,2120.484039,0,0,0,0,0,0,0
40,6,0,2131.242491,0,0,0,0,0,0,0
40,7,79989.54547,2137.250081,2436.851896,2,1.3862,0,0,0,0
40,8,0,2122.123539,0,0,0,0,0,0,0
40,9,0,2117.410116,0,0,0,0,0,0,0
40,10,652.9937681,2149.17697,858.8466022,1,1.0986,0,0,0,0
40,11,0,2130.105346,0,0,0,0,0,0,0
40,12,0,2117.517032,0,0,0,0,0,0,0
40,13,0,2116.540447,0,0,0,0,0,0,0
40,14,0,2113.4682,0,0,0,0,0,0,0
40,15,0,2134.54552,0,0,0,0,0,0,0
40,16,0,2120.04371,0,0,0,0,0,0,0
40,17,36143.39358,2137.566917,2434.028685,0,0,0,0,0,0
40,18,0,2131.54722,0,0,0,0,0,0,0
40,19,0,2099.315263,0,0,0,0,0,0,0
41,0,0,2112.890221,0,1,0.6931,0,0,0,0
41,1,0,2142.210305,197.4874294,0,0,0,0,0,0
41,2,0,2136.982791,0,1,0.6931,0,0,0,0
41,3,0,2127.539553,0,1,0.6931,0,0,0,0
41,4,0,2138.025686,0,1,0.6931,0,0,0,0
41,5,0,2120.484039,0,1,1.3814,0,0,0,0
41,6,0,2131.242491,0,1,0.6931,0,0,0,0
41,7,56098.52852,2137.250081,856.1448281,1,1.0986,0,0,0,0
41,8,0,2122.123539,0,1,0.6931,0,0,0,0
41,9,0,2117.410116,0,1,0.6931,0,0,0,0
41,10,0,2149.17697,1511.84037,0,0,0,0,0,0
41,11,0,2130.105346,0,1,0.6931,0,0,0,0
41,12,0,2117.517032,0,1,0.6931,0,0,0,0
41,13,0,2116.540447,0,1,0.6931,0,0,0,0
41,14,0,2113.4682,0,1,0.6931,0,0,0,0
41,15,0,2134.54552,0,1,0.6931,0,0,0,0
41,16,0,2120.04371,0,1,0.6931,0,0,0,0
41,17,36143.24718,2137.566917,2434.175089,1,1.3817,0,0,0,0
41,18,0,2131.54722,0,1,0.6931,0,0,0,0
41,19,0,2099.315263,0,1,0.6931,0,0,0,0
42,0,0,2112.890221,0,0,0,0,0,0,0
42,1,0,2142.210305,197.4874294,1,0.6931,0,0,0,0
42,2,0,2136.982791,0,0,0,0,0,0,0
42,3,0,2127.539553,0,0,0,0,0,0,0
42,4,0,2138.025686,0,0,0,0,0,0,0
42,5,0,2120.484039,0,0,0,0,0,0,0
42,6,0,2131.242491,0,0,0,0,0,0,0
42,7,30628.17764,2137.250081,0,1,1.3835,0,0,0,0
42,8,0,2122.123539,0,0,0,0,0,0,0
42,9,0,2117.410116,0,0,0,0,0,0,0
42,10,0,2149.17697,1511.84037,2,1.3862,0,0,0,0
42,11,0,2130.105346,0,0,0,0,0,0,0
42,12,0,2117.517032,0,0,0,0,0,0,0
42,13,0,2116.540447,0,0,0,0,0,0,0
42,14,0,2113.4682,0,0,0,0,0,0,0
42,15,0,2134.54552,0,0,0,0,0,0,0
42,16,0,2120.04371,0,0,0,0,0,0,0
42,17,36142.54459,2137.566917,2434.877679,0,0,0,0,0,0
42,18,0,2131.54722,0,0,0,0,0,0,0
42,19,0,2099.315263,0,0,0,0,0,0,0
43,0,0,2112.890221,0,1,0.6931,0,0,0,0
43,1,0,2142.210305,197.4874294,0,0,0,0,0,0
43,2,0,2136.982791,0,1,0.6931,0,0,0,0
43,3,0,2127.539553,0,1,0.6931,0,0,0,0
43,4,0,2138.025686,0,1,0.6931,0,0,0,0
43,5,0,2120.484039,0,1,0.6931,0,0,0,0
43,6,0,2131.242491,0,1,0.6931,0,0,0,0
43,7,28194.42966,2137.250081,2433.747984,0,0,0,0,0,0
43,8,0,2122.123539,0,1,0.6931,0,0,0,0
43,9,0,2117.410116,0,1,0.6931,0,0,0,0
43,10,0,2149.17697,243.6121733,1,1.0968,0,0,0,0
43,11,0,2130.105346,0,1,0.6931,0,0,0,0
43,12,0,2117.517032,0,1,0.6931,0,0,0,0
43,13,0,2116.540447,0,1,0.6931,0,0,0,0
43,14,0,2113.4682,0,1,0.6931,0,0,0,0
43,15,0,2134.54552,0,1,0.6931,0,0,0,0
43,16,0,2120.04371,0,1,0.6931,0,0,0,0
43,17,36142.54459,2137.566917,2434.877679,1,1.3816,0,0,0,0
43,18,0,2131.54722,0,1,0.6931,0,0,0,0
43,19,0,2099.315263,0,1,0.6931,0,0,0,0
44,0,0,2112.890221,0,0,0,0,0,0,0
44,1,0,2142.210305,197.4874294,1,0.6931,0,0,0,0
44,2,0,2136.982791,0,0,0,0,0,0,0
44,3,0,2127.539553,0,0,0,0,0,0,0
44,4,0,2138.025686,0,0,0,0,0,0,0
44,5,0,2120.484039,0,0,0,0,0,0,0
44,6,0,2131.242491,0,0,0,0,0,0,0
44,7,28193.07589,2137.250081,2435.101755,2,1.7917,0,0,0,0
44,8,0,2122.123539,0,0,0,0,0,0,0
44,9,0,2117.410116,0,0,0,0,0,0,0
44,10,0,2149.17697,243.6121733,0,0,0,0,0,0
44,11,0,2130.105346,0,0,0,0,0,0,0
44,12,0,2117.517032,0,0,0,0,0,0,0
44,13,0,2116.540447,0,0,0,0,0,0,0
44,14,0,2113.4682,0,0,0,0,0,0,0
44,15,0,2134.54552,0,0,0,0,0,0,0
44,16,0,2120.04371,0,0,0,0,0,0,0
44,17,36141.80847,2137.566917,2435.613796,0,0,0,0,0,0
44,18,0,2131.54722,0,0,0,0,0,0,0
44,19,0,2099.315263,0,0,0,0,0,0,0
45,0,0,2112.890221,0,1,0.6931,0,0,0,0
45,1,0,2142.210305,197.4874294,0,0,0,0,0,0
45,2,0,2136.982791,0,1,0.6931,0,0,0,0
45,3,0,2127.539553,0,1,0.6931,0,0,0,0
45,4,0,2138.025686,0,1,0.6931,0,0,0,0
45,5,0,2120.484039,0,1,0.6931,0,0,0,0
45,6,0,2131.242491,0,1,0.6931,0,0,0,0
45,7,0,2137.250081,854.7957146,1,1.0986,0,0,0,0
45,8,0,2122.123539,0,1,0.6931,0,0,0,0
45,9,0,2117.410116,0,1,0.6931,0,0,0,0
45,10,0,2149.17697,243.6121733,1,0.6931,0,0,0,0
45,11,0,2130.105346,0,1,0.6931,0,0,0,0
45,12,0,2117.517032,0,1,0.6931,0,0,0,0
45,13,0,2116.540447,0,1,0.6931,0,0,0,0
45,14,0,2113.4682,0,1,0.6931,0,0,0,0
45,15,0,2134.54552,0,1,0.6931,0,0,0,0
45,16,0,2120.04371,0,1,0.6931,0,0,0,0
45,17,36141.67846,2137.566917,2435.743809,1,1.3795,0,0,0,0
45,18,0,2131.54722,0,1,0.6931,0,0,0,0
45,19,0,2099.315263,0,1,0.6931,0,0,0,0
46,0,0,2112.890221,0,0,0,0,0,0,0
46,1,0,2142.210305,197.4874294,1,0.6931,0,0,0,0
46,2,0,2136.982791,0,0,0,0,0,0,0
46,3,0,2127.539553,0,0,0,0,0,0,0
46,4,0,2138.025686,0,0,0,0,0,0,0
46,5,0,2120.484039,0,0,0,0,0,0,0
46,6,0,2131.242491,0,0,0,0,0,0,0
46,7,0,2137.250081,854.7957146,0,0,0,0,0,0
46,8,0,2122.123539,0,0,0,0,0,0,0
46,9,0,2117.410116,0,0,0,0,0,0,0
46,10,0,2149.17697,243.6121733,0,0,0,0,0,0
46,11,0,2130.105346,0,0,0,0,0,0,0
46,12,0,2117.517032,0,0,0,0,0,0,0
46,13,0,2116.540447,0,0,0,0,0,0,0
46,14,0,2113.4682,0,0,0,0,0,0,0
46,15,0,2134.54552,0,0,0,0,0,0,0
46,16,0,2120.04371,0,0,0,0,0,0,0
46,17,36141.1504,2137.566917,2436.271869,0,0,0,0,0,0
46,18,0,2131.54722,0,0,0,0,0,0,0
46,19,0,2099.315263,0,0,0,0,0,0,0
47,0,0,2112.890221,0,1,0.6931,0,0,0,0
47,1,0,2142.210305,197.4874294,0,0,0,0,0,0
47,2,0,2136.982791,0,1,0.6931,0,0,0,0
47,3,0,2127.539553,0,1,0.6931,0,0,0,0
47,4,0,2138.025686,0,1,0.6931,0,0,0,0
47,5,0,2120.484039,0,1,0.6931,0,0,0,0
47,6,0,2131.242491,0,1,1.3823,0,0,0,0
47,7,0,2137.250081,854.7957146,1,0.6931,0,0,0,0
47,8,0,2122.123539,0,1,0.6916,0,0,0,0
47,9,0,2117.410116,0,1,0.6931,0,0,0,0
47,10,0,2149.17697,243.6121733,1,0.6931,0,0,0,0
47,11,0,2130.105346,0,1,0.6931,0,0,0,0
47,12,0,2117.517032,0,1,0.6931,0,0,0,0
47,13,0,2116.540447,0,1,0.6931,0,0,0,0
47,14,0,2113.4682,0,1,0.6931,0,0,0,0
47,15,0,2134.54552,0,1,0.6931,0,0,0,0
47,16,0,2120.04371,0,1,0.6931,0,0,0,0
47,17,36141.0975,2137.566917,2436.324768,1,1.3818,0,0,0,0
47,18,0,2131.54722,0,1,1.3808,0,0,0,0
47,19,0,2099.315263,0,1,0.6931,0,0,0,0
48,0,0,2112.890221,0,0,0,0,0,0,0
48,1,0,2142.210305,197.4874294,1,0.6931,0,0,0,0
48,2,0,2136.982791,0,0,0,0,0,0,0
48,3,0,2127.539553,0,0,0,0,0,0,0
48,4,0,2138.025686,0,0,0,0,0,0,0
48,5,0,2120.484039,0,0,0,0,0,0,0
48,6,0,2131.242491,0,0,0,0,0,0,0
48,7,0,2137.250081,0,1,1.0986,0,0,0,0
48,8,0,2122.123539,0,0,0,0,0,0,0
48,9,0,2117.410116,0,0,0,0,0,0,0
48,10,0,2149.17697,243.6121733,0,0,0,0,0,0
48,11,0,2130.105346,0,0,0,0,0,0,0
48,12,0,2117.517032,0,0,0,0,0,0,0
48,13,0,2116.540447,0,0,0,0,0,0,0
48,14,0,2113.4682,0,0,0,0,0,0,0
48,15,0,2134.54552,0,0,0,0,0,0,0
48,16,0,2120.04371,0,0,0,0,0,0,0
48,17,36140.08515,2137.566917,2437.337115,0,0,0,0,0,0
48,18,0,2131.54722,0,0,0,0,0,0,0
48,19,0,2099.315263,0,0,0,0,0,0,0
49,0,0,2112.890221,0,1,0.6931,0,0,0,0
49,1,0,2142.210305,197.4874294,0,0,0,0,0,0
49,2,0,2136.982791,0,1,0.6931,0,0,0,0
49,3,0,2127.539553,0,1,0.6931,0,0,0,0
49,4,0,2138.025686,0,1,0.6931,0,0,0,0
49,5,0,2120.484039,0,1,0.6931,0,0,0,0
49,6,0,2131.242491,0,1,0.6931,0,0,0,0
49,7,0,2137.250081,0,0,0,0,0,0,0
49,8,0,2122.123539,0,1,0.6931,0,0,0,0
49,9,0,2117.410116,0,1,0.6921,0,0,0,0
49,10,0,2149.17697,243.6121733,1,0.6931,0,0,0,0
49,11,0,2130.105346,0,1,0.6931,0,0,0,0
49,12,0,2117.517032,0,1,0.6931,0,0,0,0
49,13,0,2116.540447,0,1,0.6931,0,0,0,0
49,14,0,2113.4682,0,1,0.6931,0,0,0,0
49,15,0,2134.54552,0,1,0.6931,0,0,0,0
49,16,0,2120.04371,0,1,0.6931,0,0,0,0
49,17,36139.97731,2137.566917,2437.444963,1,1.3822,0,0,0,0
49,18,0,2131.54722,0,1,0.6931,0,0,0,0
49,19,0,2099.315263,0,1,0.6931,0,0,0,0
50,0,0,2112.890221,0,0,0,0,0,0,0
50,1,0,2142.210305,197.4874294,1,0.6931,0,0,0,0
50,2,0,2136.982791,0,0,0,0,0,0,0
50,3,0,2127.539553,0,0,0,0,0,0,0
50,4,0,2138.025686,0,0,0,0,0,0,0
50,5,0,2120.484039,0,0,0,0,0,0,0
50,6,0,2131.242491,0,0,0,0,0,0,0
50,7,0,2137.250081,0,1,0.6931,0,0,0,0
50,8,0,2122.123539,0,0,0,0,0,0,0
50,9,0,2117.410116,0,0,0,0,0,0,0
50,10,0,2149.17697,243.6121733,0,0,0,0,0,0
50,11,0,2130.105346,0,0,0,0,0,0,0
50,12,0,2117.517032,0,0,0,0,0,0,0
50,13,0,2116.540447,0,0,0,0,0,0,0
50,14,0,2113.4682,0,0,0,0,0,0,0
50,15,0,2134.54552,0,0,0,0,0,0,0
50,16,0,2120.04371,0,0,0,0,0,0,0
50,17,36139.03332,2137.566917,2438.388951,0,0,0,0,0,0
50,18,0,2131.54722,0,0,0,0,0,0,0
50,19,0,2099.315263,0,0,0,0,0,0,0
51,0,0,2112.890221,0,1,0.6931,0,0,0,0
51,1,0,2142.210305,197.4874294,0,0,0,0,0,0
51,2,0,2136.982791,0,1,0.6931,0,0,0,0
51,3,0,2127.539553,0,1,0.6931,0,0,0,0
51,4,0,2138.025686,0,1,0.6931,0,0,0,0
51,5,0,2120.484039,0,1,0.6931,0,0,0,0
51,6,0,2131.242491,0,1,0.6931,0,0,0,0
51,7,0,2137.250081,0,0,0,0,0,0,0
51,8,0,2122.123539,0,1,0.6931,0,0,0,0
51,9,0,2117.410116,0,1,0.6931,0,0,0,0
51,10,0,2149.17697,243.6121733,1,0.6931,0,0,0,0
51,11,0,2130.105346,0,1,0.6931,0,0,0,0
51,12,0,2117.517032,0,1,1.3813,0,0,0,0
51,13,0,2116.540447,0,1,0.6931,0,0,0,0
51,14,0,2113.4682,0,1,0.6931,0,0,0,0
51,15,0,2134.54552,0,1,0.6931,0,0,0,0
51,16,0,2120.04371,0,1,0.6931,0,0,0,0
51,17,36138.87481,2137.566917,2438.547462,1,1.3821,0,0,0,0
51,18,0,2131.54722,0,1,0.6931,0,0,0,0
51,19,0,2099.315263,0,1,0.6931,0,0,0,0
52,0,0,2112.890221,0,0,0,0,0,0,0
52,1,0,2142.210305,197.4874294,1,1.0986,0,0,0,0
52,2,0,2136.982791,0,0,0,0,0,0,0
52,3,0,2127.539553,0,0,0,0,0,0,0
52,4,0,2138.025686,0,0,0,0,0,0,0
52,5,0,2120.484039,0,0,0,0,0,0,0
52,6,0,2131.242491,0,0,0,0,0,0,0
52,7,0,2137.250081,0,1,0.6931,0,0,0,0
52,8,0,2122.123539,0,0,0,0,0,0,0
52,9,0,2117.410116,0,0,0,0,0,0,0
52,10,0,2149.17697,243.6121733,0,0,0,0,0,0
52,11,0,2130.105346,0,0,0,0,0,0,0
52,12,0,2117.517032,0,0,0,0,0,0,0
52,13,0,2116.540447,0,0,0,0,0,0,0
52,14,0,2113.4682,0,0,0,0,0,0,0
52,15,0,2134.54552,0,0,0,0,0,0,0
52,16,0,2120.04371,0,0,0,0,0,0,0
52,17,36138.07555,2137.566917,2439.346723,0,0,0,0,0,0
52,18,0,2131.54722,0,0,0,0,0,0,0
52,19,0,2099.315263,0,0,0,0,0,0,0
53,0,0,2112.890221,0,1,0.6931,0,0,0,0
53,1,0,2142.210305,197.4874294,0,0,0,0,0,0
53,2,0,2136.982791,0,1,0.6931,0,0,0,0
53,3,0,2127.539553,0,1,0.6931,0,0,0,0
53,4,0,2138.025686,0,1,0.6931,0,0,0,0
53,5,0,2120.484039,0,1,0.6931,0,0,0,0
53,6,0,2131.242491,0,1,0.6931,0,0,0,0
53,7,0,2137.250081,0,0,0,0,0,0,0
53,8,0,2122.123539,0,1,0.6931,0,0,0,0
53,9,0,2117.410116,0,1,1.0986,0,0,0,0
53,10,0,2149.17697,243.6121733,1,0.6931,0,0,0,0
53,11,0,2130.105346,0,1,0.6931,0,0,0,0
53,12,0,2117.517032,0,1,1.3809,0,0,0,0
53,13,0,2116.540447,0,1,0.6931,0,0,0,0
53,14,0,2113.4682,0,1,0.6931,0,0,0,0
53,15,0,2134.54552,0,1,0.6931,0,0,0,0
53,16,0,2120.04371,0,1,0.6931,0,0,0,0
53,17,36138.03997,2137.566917,2439.3823,1,1.3813,0,0,0,0
53,18,0,2131.54722,0,1,0.6931,0,0,0,0
53,19,0,2099.315263,0,1,1.3816,0,0,0,0
54,0,0,2112.890221,0,0,0,0,0,0,0
54,1,0,2142.210305,197.4874294,1,0.6931,0,0,0,0
54,2,0,2136.982791,0,0,0,0,0,0,0
54,3,0,2127.539553,0,0,0,0,0,0,0
54,4,0,2138.025686,0,0,0,0,0,0,0
54,5,0,2120.484039,0,0,0,0,0,0,0
54,6,0,2131.242491,0,0,0,0,0,0,0
54,7,0,2137.250081,0,1,0.6931,0,0,0,0
54,8,0,2122.123539,0,0,0,0,0,0,0
54,9,0,2117.410116,0,0,0,0,0,0,0
54,10,0,2149.17697,243.6121733,0,0,0,0,0,0
54,11,0,2130.105346,0,0,0,0,0,0,0
54,12,0,2117.517032,0,0,0,0,0,0,0
54,13,0,2116.540447,0,0,0,0,0,0,0
54,14,0,2113.4682,0,0,0,0,0,0,0
54,15,0,2134.54552,0,0,0,0,0,0,0
54,16,0,2120.04371,0,0,0,0,0,0,0
54,17,36137.46162,2137.566917,2439.960651,0,0,0,0,0,0
54,18,0,2131.54722,0,0,0,0,0,0,0
54,19,0,2099.315263,0,0,0,0,0,0,0
55,0,0,2112.890221,0,1,0.6931,0,0,0,0
55,1,0,2142.210305,197.4874294,0,0,0,0,0,0
55,2,0,2136.982791,0,1,0.6931,0,0,0,0
55,3,0,2127.539553,0,1,0.6931,0,0,0,0
55,4,0,2138.025686,0,1,0.6931,0,0,0,0
55,5,0,2120.484039,0,1,1.0986,0,0,0,0
55,6,0,2131.242491,0,1,0.6931,0,0,0,0
55,7,0,2137.250081,0,0,0,0,0,0,0
55,8,0,2122.123539,0,1,0.6931,0,0,0,0
55,9,0,2117.410116,0,1,0.6931,0,0,0,0
55,10,0,2149.17697,243.6121733,1,0.6931,0,0,0,0
55,11,0,2130.105346,0,1,0.6931,0,0,0,0
55,12,0,2117.517032,0,1,0.6931,0,0,0,0
55,13,0,2116.540447,0,1,1.3806,0,0,0,0
55,14,0,2113.4682,0,1,0.6931,0,0,0,0
55,15,0,2134.54552,0,1,0.6931,0,0,0,0
55,16,0,2120.04371,0,1,0.6931,0,0,0,0
55,17,36137.35321,2137.566917,2440.069057,1,1.382,0,0,0,0
55,18,0,2131.54722,0,1,0.6931,0,0,0,0
55,19,0,2099.315263,0,1,0.6931,0,0,0,0
56,0,0,2112.890221,0,0,0,0,0,0,0
56,1,0,2142.210305,197.4874294,1,0.6931,0,0,0,0
56,2,0,2136.982791,0,0,0,0,0,0,0
56,3,0,2127.539553,0,0,0,0,0,0,0
56,4,0,2138.025686,0,0,0,0,0,0,0
56,5,0,2120.484039,0,0,0,0,0,0,0
56,6,0,2131.242491,0,0,0,0,0,0,0
56,7,0,2137.250081,0,1,0.6931,0,0,0,0
56,8,0,2122.123539,0,0,0,0,0,0,0
56,9,0,2117.410116,0,0,0,0,0,0,0
56,10,0,2149.17697,243.6121733,0,0,0,0,0,0
56,11,0,2130.105346,0,0,0,0,0,0,0
56,12,0,2117.517032,0,0,0,0,0,0,0
56,13,0,2116.540447,0,0,0,0,0,0,0
56,14,0,2113.4682,0,0,0,0,0,0,0
56,15,0,2134.54552,0,0,0,0,0,0,0
56,16,0,2120.04371,0,0,0,0,0,0,0
56,17,36136.6685,2137.566917,2440.753765,0,0,0,0,0,0
56,18,0,2131.54722,0,0,0,0,0,0,0
56,19,0,2099.315263,0,0,0,0,0,0,0
57,0,0,2112.890221,0,1,0.6931,0,0,0,0
57,1,0,2142.210305,197.4874294,0,0,0,0,0,0
57,2,0,2136.982791,0,1,0.6931,0,0,0,0
57,3,0,2127.539553,0,1,0.6931,0,0,0,0
57,4,0,2138.025686,0,1,0.6931,0,0,0,0
57,5,0,2120.484039,0,1,0.6931,0,0,0,0
57,6,0,2131.242491,0,1,0.6931,0,0,0,0
57,7,0,2137.250081,0,0,0,0,0,0,0
57,8,0,2122.123539,0,1,0.6931,0,0,0,0
57,9,0,2117.410116,0,1,0.6931,0,0,0,0
57,10,0,2149.17697,243.6121733,1,0.6931,0,0,0,0
57,11,0,2130.105346,0,1,1.381,0,0,0,0
57,12,0,2117.517032,0,1,0.6931,0,0,0,0
57,13,0,2116.540447,0,1,1.3789,0,0,0,0
57,14,0,2113.4682,0,1,0.6931,0,0,0,0
57,15,0,2134.54552,0,1,0.6931,0,0,0,0
57,16,0,2120.04371,0,1,0.6931,0,0,0,0
57,17,36136.61411,2137.566917,2440.808155,1,1.3811,0,0,0,0
57,18,0,2131.54722,0,1,0.6931,0,0,0,0
57,19,0,2099.315263,0,1,0.6931,0,0,0,0
58,0,0,2112.890221,0,0,0,0,0,0,0
58,1,0,2142.210305,197.4874294,1,0.6931,0,0,0,0
58,2,0,2136.982791,0,0,0,0,0,0,0
58,3,0,2127.539553,0,0,0,0,0,0,0
58,4,0,2138.025686,0,0,0,0,0,0,0
58,5,0,2120.484039,0,0,0,0,0,0,0
58,6,0,2131.242491,0,0,0,0,0,0,0
58,7,0,2137.250081,0,1,0.6931,0,0,0,0
58,8,0,2122.123539,0,0,0,0,0,0,0
58,9,0,2117.410116,0,0,0,0,0,0,0
58,10,0,2149.17697,243.6121733,0,0,0,0,0,0
58,11,0,2130.105346,0,0,0,0,0,0,0
58,12,0,2117.517032,0,0,0,0,0,0,0
58,13,0,2116.540447,0,0,0,0,0,0,0
58,14,0,2113.4682,0,0,0,0,0,0,0
58,15,0,2134.54552,0,0,0,0,0,0,0
58,16,0,2120.04371,0,0,0,0,0,0,0
58,17,36135.94617,2137.566917,2441.476099,0,0,0,0,0,0
58,18,0,2131.54722,0,0,0,0,0,0,0
58,19,0,2099.315263,0,0,0,0,0,0,0
59,0,0,2112.890221,0,1,0.6931,0,0,0,0
59,1,0,2142.210305,197.4874294,0,0,0,0,0,0
59,2,0,2136.982791,0,1,0.6931,0,0,0,0
59,3,0,2127.539553,0,1,0.6931,0,0,0,0
59,4,0,2138.025686,0,1,0.6931,0,0,0,0
59,5,0,2120.484039,0,1,0.6931,0,0,0,0
59,6,0,2131.242491,0,1,0.6931,0,0,0,0
59,7,0,2137.250081,0,0,0,0,0,0,0
59,8,0,2122.123539,0,1,0.6931,0,0,0,0
59,9,0,2117.410116,0,1,1.3809,0,0,0,0
59,10,0,2149.17697,243.6121733,1,0.6931,0,0,0,0
59,11,0,2130.105346,0,1,0.6931,0,0,0,0
59,12,0,2117.517032,0,1,0.6931,0,0,0,0
59,13,0,2116.540447,0,1,0.6931,0,0,0,0
59,14,0,2113.4682,0,1,0.6931,0,0,0,0
59,15,0,2134.54552,0,1,0.6931,0,0,0,0
59,16,0,2120.04371,0,1,0.6931,0,0,0,0
59,17,36135.83795,2137.566917,2441.584319,1,1.38,0,0,0,0
59,18,0,2131.54722,0,1,0.6931,0,0,0,0
59,19,0,2099.315263,0,1,0.6931,0,0,0,0
60,0,0,2112.890221,0,0,0,0,0,0,0
60,1,0,2142.210305,197.4874294,1,0.6931,0,0,0,0
60,2,0,2136.982791,0,0,0,0,0,0,0
60,3,0,2127.539553,0,0,0,0,0,0,0
60,4,0,2138.025686,0,0,0,0,0,0,0
60,5,0,2120.484039,0,0,0,0,0,0,0
60,6,0,2131.242491,0,0,0,0,0,0,0
60,7,0,2137.250081,0,1,1.0986,0,0,0,0
60,8,0,2122.123539,0,0,0,0,0,0,0
60,9,0,2117.410116,0,0,0,0,0,0,0
60,10,0,2149.17697,243.6121733,0,0,0,0,0,0
60,11,0,2130.105346,0,0,0,0,0,0,0
60,12,0,2117.517032,0,0,0,0,0,0,0
60,13,0,2116.540447,0,0,0,0,0,0,0
60,14,0,2113.4682,0,0,0,0,0,0,0
60,15,0,2134.54552,0,0,0,0,0,0,0
60,16,0,2120.04371,0,0,0,0,0,0,0
60,17,36135.33615,2137.566917,2442.086115,0,0,0,0,0,0
60,18,0,2131.54722,0,0,0,0,0,0,0
60,19,0,2099.315263,0,0,0,0,0,0,0
61,0,0,2112.890221,0,1,0.6931,0,0,0,0
61,1,0,2142.210305,197.4874294,0,0,0,0,0,0
61,2,0,2136.982791,0,1,0.6931,0,0,0,0
61,3,0,2127.539553,0,1,0.6931,0,0,0,0
61,4,0,2138.025686,0,1,0.6931,0,0,0,0
61,5,0,2120.484039,0,1,0.6931,0,0,0,0
61,6,0,2131.242491,0,1,0.6931,0,0,0,0
61,7,0,2137.250081,0,0,0,0,0,0,0
61,8,0,2122.123539,0,1,0.6931,0,0,0,0
61,9,0,2117.410116,0,1,0.6931,0,0,0,0
61,10,0,2149.17697,243.6121733,1,0.6931,0,0,0,0
61,11,0,2130.105346,0,1,0.6931,0,0,0,0
61,12,0,2117.517032,0,1,0.6931,0,0,0,0
61,13,0,2116.540447,0,1,0.6931,0,0,0,0
61,14,0,2113.4682,0,1,1.3825,0,0,0,0
61,15,0,2134.54552,0,1,0.6931,0,0,0,0
61,16,0,2120.04371,0,1,0.6931,0,0,0,0
61,17,36135.31697,2137.566917,2442.105301,1,1.3793,0,0,0,0
61,18,0,2131.54722,0,1,0.6931,0,0,0,0
61,19,0,2099.315263,0,1,0.6931,0,0,0,0
62,0,0,2112.890221,0,0,0,0,0,0,0
62,1,0,2142.210305,197.4874294,1,0.6931,0,0,0,0
62,2,0,2136.982791,0,0,0,0,0,0,0
62,3,0,2127.539553,0,0,0,0,0,0,0
62,4,0,2138.025686,0,0,0,0,0,0,0
62,5,0,2120.484039,0,0,0,0,0,0,0
62,6,0,2131.242491,0,0,0,0,0,0,0
62,7,0,2137.250081,0,1,0.6931,0,0,0,0
62,8,0,2122.123539,0,0,0,0,0,0,0
62,9,0,2117.410116,0,0,0,0,0,0,0
62,10,0,2149.17697,243.6121733,0,0,0,0,0,0
62,11,0,2130.105346,0,0,0,0,0,0,0
62,12,0,2117.517032,0,0,0,0,0,0,0
62,13,0,2116.540447,0,0,0,0,0,0,0
62,14,0,2113.4682,0,0,0,0,0,0,0
62,15,0,2134.54552,0,0,0,0,0,0,0
62,16,0,2120.04371,0,0,0,0,0,0,0
62,17,36134.65517,2137.566917,2442.767099,0,0,0,0,0,0
62,18,0,2131.54722,0,0,0,0,0,0,0
62,19,0,2099.315263,0,0,0,0,0,0,0
63,0,0,2112.890221,0,1,0.6931,0,0,0,0
63,1,0,2142.210305,197.4874294,0,0,0,0,0,0
63,2,0,2136.982791,0,1,0.6931,0,0,0,0
63,3,0,2127.539553,0,1,0.6931,0,0,0,0
63,4,0,2138.025686,0,1,0.6931,0,0,0,0
63,5,0,2120.484039,0,1,0.6931,0,0,0,0
63,6,0,2131.242491,0,1,0.6931,0,0,0,0
63,7,0,2137.250081,0,0,0,0,0,0,0
63,8,0,2122.123539,0,1,0.6918,0,0,0,0
63,9,0,2117.410116,0,1,0.6931,0,0,0,0
63,10,0,2149.17697,243.6121733,1,0.6931,0,0,0,0
63,11,0,2130.105346,0,1,0.6931,0,0,0,0
63,12,0,2117.517032,0,1,1.3808,0,0,0,0
63,13,0,2116.540447,0,1,0.6931,0,0,0,0
63,14,0,2113.4682,0,1,0.6931,0,0,0,0
63,15,0,2134.54552,0,1,0.6931,0,0,0,0
63,16,0,2120.04371,0,1,0.6931,0,0,0,0
63,17,36134.59408,2137.566917,2442.828193,1,1.3807,0,0,0,0
63,18,0,2131.54722,0,1,0.6931,0,0,0,0
63,19,0,2099.315263,0,1,0.6931,0,0,0,0
64,0,0,2112.890221,0,0,0,0,0,0,0
64,1,0,2142.210305,197.4874294,1,0.6931,0,0,0,0
64,2,0,2136.982791,0,0,0,0,0,0,0
64,3,0,2127.539553,0,0,0,0,0,0,0
64,4,0,2138.025686,0,0,0,0,0,0,0
64,5,0,2120.484039,0,0,0,0,0,0,0
64,6,0,2131.242491,0,0,0,0,0,0,0
64,7,0,2137.250081,0,1,0.6931,0,0,0,0
64,8,0,2122.123539,0,0,0,0,0,0,0
64,9,0,2117.410116,0,0,0,0,0,0,0
64,10,0,2149.17697,243.6121733,0,0,0,0,0,0
64,11,0,2130.105346,0,0,0,0,0,0,0
64,12,0,2117.517032,0,0,0,0,0,0,0
64,13,0,2116.540447,0,0,0,0,0,0,0
64,14,0,2113.4682,0,0,0,0,0,0,0
64,15,0,2134.54552,0,0,0,0,0,0,0
64,16,0,2120.04371,0,0,0,0,0,0,0
64,17,36133.17977,2137.566917,2444.2425,0,0,0,0,0,0
64,18,0,2131.54722,0,0,0,0,0,0,0
64,19,0,2099.315263,0,0,0,0,0,0,0
65,0,0,2112.890221,0,1,0.6931,0,0,0,0
65,1,0,2142.210305,197.4874294,0,0,0,0,0,0
65,2,0,2136.982791,0,1,0.6931,0,0,0,0
65,3,0,2127.539553,0,1,0.6931,0,0,0,0
65,4,0,2138.025686,0,1,0.6931,0,0,0,0
65,5,0,2120.484039,0,1,0.6931,0,0,0,0
65,6,0,2131.242491,0,1,0.6931,0,0,0,0
65,7,0,2137.250081,0,0,0,0,0,0,0
65,8,0,2122.123539,0,1,0.6917,0,0,0,0
65,9,0,2117.410116,0,1,0.6931,0,0,0,0
65,10,0,2149.17697,243.6121733,1,1.3797,0,0,0,0
65,11,0,2130.105346,0,1,0.6931,0,0,0,0
65,12,0,2117.517032,0,1,0.6931,0,0,0,0
65,13,0,2116.540447,0,1,0.6931,0,0,0,0
65,14,0,2113.4682,0,1,0.6931,0,0,0,0
65,15,0,2134.54552,0,1,1.0967,0,0,0,0
65,16,0,2120.04371,0,1,0.6931,0,0,0,0
65,17,36133.08012,2137.566917,2444.342151,1,1.3809,0,0,0,0
65,18,0,2131.54722,0,1,0.6931,0,0,0,0
65,19,0,2099.315263,0,1,0.6931,0,0,0,0
66,0,0,2112.890221,0,0,0,0,0,0,0
66,1,0,2142.210305,197.4874294,1,0.6931,0,0,0,0
66,2,0,2136.982791,0,0,0,0,0,0,0
66,3,0,2127.539553,0,0,0,0,0,0,0
66,4,0,2138.025686,0,0,0,0,0,0,0
66,5,0,2120.484039,0,0,0,0,0,0,0
66,6,0,2131.242491,0,0,0,0,0,0,0
66,7,0,2137.250081,0,1,0.6931,0,0,0,0
66,8,0,2122.123539,0,0,0,0,0,0,0
66,9,0,2117.410116,0,0,0,0,0,0,0
66,10,0,2149.17697,243.6121733,0,0,0,0,0,0
66,11,0,2130.105346,0,0,0,0,0,0,0
66,12,0,2117.517032,0,0,0,0,0,0,0
66,13,0,2116.540447,0,0,0,0,0,0,0
66,14,0,2113.4682,0,0,0,0,0,0,0
66,15,0,2134.54552,0,0,0,0,0,0,0
66,16,0,2120.04371,0,0,0,0,0,0,0
66,17,36131.68891,2137.566917,2445.733361,0,0,0,0,0,0
66,18,0,2131.54722,0,0,0,0,0,0,0
66,19,0,2099.315263,0,0,0,0,0,0,0
67,0,0,2112.890221,0,1,0.6931,0,0,0,0
67,1,0,2142.210305,197.4874294,0,0,0,0,0,0
67,2,0,2136.982791,0,1,0.6931,0,0,0,0
67,3,0,2127.539553,0,1,0.6931,0,0,0,0
67,4,0,2138.025686,0,1,0.6931,0,0,0,0
67,5,0,2120.484039,0,1,1.0963,0,0,0,0
67,6,0,2131.242491,0,1,0.6931,0,0,0,0
67,7,0,2137.250081,0,0,0,0,0,0,0
67,8,0,2122.123539,0,1,0.6931,0,0,0,0
67,9,0,2117.410116,0,1,0.6931,0,0,0,0
67,10,0,2149.17697,243.6121733,1,0.6931,0,0,0,0
67,11,0,2130.105346,0,1,0.6931,0,0,0,0
67,12,0,2117.517032,0,1,0.6931,0,0,0,0
67,13,0,2116.540447,0,1,0.6931,0,0,0,0
67,14,0,2113.4682,0,1,0.6931,0,0,0,0
67,15,0,2134.54552,0,1,0.6931,0,0,0,0
67,16,0,2120.04371,0,1,0.6931,0,0,0,0
67,17,36131.52965,2137.566917,2445.892617,1,1.3813,0,0,0,0
67,18,0,2131.54722,0,1,0.6931,0,0,0,0
67,19,0,2099.315263,0,1,0.6931,0,0,0,0
68,0,0,2112.890221,0,0,0,0,0,0,0
68,1,0,2142.210305,197.4874294,1,0.6931,0,0,0,0
68,2,0,2136.982791,0,0,0,0,0,0,0
68,3,0,2127.539553,0,0,0,0,0,0,0
68,4,0,2138.025686,0,0,0,0,0,0,0
68,5,0,2120.484039,0,0,0,0,0,0,0
68,6,0,2131.242491,0,0,0,0,0,0,0
68,7,0,2137.250081,0,1,0.6931,0,0,0,0
68,8,0,2122.123539,0,0,0,0,0,0,0
68,9,0,2117.410116,0,0,0,0,0,0,0
68,10,0,2149.17697,243.6121733,0,0,0,0,0,0
68,11,0,2130.105346,0,0,0,0,0,0,0
68,12,0,2117.517032,0,0,0,0,0,0,0
68,13,0,2116.540447,0,0,0,0,0,0,0
68,14,0,2113.4682,0,0,0,0,0,0,0
68,15,0,2134.54552,0,0,0,0,0,0,0
68,16,0,2120.04371,0,0,0,0,0,0,0
68,17,36129.97099,2137.566917,2447.451279,0,0,0,0,0,0
68,18,0,2131.54722,0,0,0,0,0,0,0
68,19,0,2099.315263,0,0,0,0,0,0,0
69,0,0,2112.890221,0,1,0.6931,0,0,0,0
69,1,0,2142.210305,197.4874294,0,0,0,0,0,0
69,2,0,2136.982791,0,1,0.6931,0,0,0,0
69,3,0,2127.539553,0,1,1.0986,0,0,0,0
69,4,0,2138.025686,0,1,0.6931,0,0,0,0
69,5,0,2120.484039,0,1,0.6931,0,0,0,0
69,6,0,2131.242491,0,1,0.6931,0,0,0,0
69,7,0,2137.250081,0,0,0,0,0,0,0
69,8,0,2122.123539,0,1,0.6931,0,0,0,0
69,9,0,2117.410116,0,1,1.3788,0,0,0,0
69,10,0,2149.17697,243.6121733,1,0.6931,0,0,0,0
69,11,0,2130.105346,0,1,0.6931,0,0,0,0
69,12,0,2117.517032,0,1,1.3817,0,0,0,0
69,13,0,2116.540447,0,1,0.6931,0,0,0,0
69,14,0,2113.4682,0,1,0.6931,0,0,0,0
69,15,0,2134.54552,0,1,0.6931,0,0,0,0
69,16,0,2120.04371,0,1,0.6931,0,0,0,0
69,17,36129.73462,2137.566917,2447.687648,1,1.3813,0,0,0,0
69,18,0,2131.54722,0,1,0.6931,0,0,0,0
69,19,0,2099.315263,0,1,0.6931,0,0,0,0
70,0,0,2112.890221,0,0,0,0,0,0,0
70,1,0,2142.210305,197.4874294,1,0.6931,0,0,0,0
70,2,0,2136.982791,0,0,0,0,0,0,0
70,3,0,2127.539553,0,0,0,0,0,0,0
70,4,0,2138.025686,0,0,0,0,0,0,0
70,5,0,2120.484039,0,0,0,0,0,0,0
70,6,0,2131.242491,0,0,0,0,0,0,0
70,7,0,2137.250081,0,1,0.6931,0,0,0,0
70,8,0,2122.123539,0,0,0,0,0,0,0
70,9,0,2117.410116,0,0,0,0,0,0,0
70,10,0,2149.17697,243.6121733,0,0,0,0,0,0
70,11,0,2130.105346,0,0,0,0,0,0,0
70,12,0,2117.517032,0,0,0,0,0,0,0
70,13,0,2116.540447,0,0,0,0,0,0,0
70,14,0,2113.4682,0,0,0,0,0,0,0
70,15,0,2134.54552,0,0,0,0,0,0,0
70,16,0,2120.04371,0,0,0,0,0,0,0
70,17,36128.8318,2137.566917,2448.590472,0,0,0,0,0,0
70,18,0,2131.54722,0,0,0,0,0,0,0
70,19,0,2099.315263,0,0,0,0,0,0,0
71,0,0,2112.890221,0,1,0.6931,0,0,0,0
71,1,0,2142.210305,197.4874294,0,0,0,0,0,0
71,2,0,2136.982791,0,1,0.6931,0,0,0,0
71,3,0,2127.539553,0,1,0.6931,0,0,0,0
71,4,0,2138.025686,0,1,0.6931,0,0,0,0
71,5,0,2120.484039,0,1,1.3818,0,0,0,0
71,6,0,2131.242491,0,1,0.6931,0,0,0,0
71,7,0,2137.250081,0,0,0,0,0,0,0
71,8,0,2122.123539,0,1,0.6931,0,0,0,0
71,9,0,2117.410116,0,1,0.6931,0,0,0,0
71,10,0,2149.17697,243.6121733,1,0.6931,0,0,0,0
71,11,0,2130.105346,0,1,0.6931,0,0,0,0
71,12,0,2117.517032,0,1,0.6931,0,0,0,0
71,13,0,2116.540447,0,1,0.6931,0,0,0,0
71,14,0,2113.4682,0,1,0.6931,0,0,0,0
71,15,0,2134.54552,0,1,0.6931,0,0,0,0
71,16,0,2120.04371,0,1,0.6931,0,0,0,0
71,17,36128.71352,2137.566917,2448.70875,1,1.3823,0,0,0,0
71,18,0,2131.54722,0,1,0.6931,0,0,0,0
71,19,0,2099.315263,0,1,1.3807,0,0,0,0
72,0,0,2112.890221,0,0,0,0,0,0,0
72,1,0,2142.210305,197.4874294,1,0.6931,0,0,0,0
72,2,0,2136.982791,0,0,0,0,0,0,0
72,3,0,2127.539553,0,0,0,0,0,0,0
72,4,0,2138.025686,0,0,0,0,0,0,0
72,5,0,2120.484039,0,0,0,0,0,0,0
72,6,0,2131.242491,0,0,0,0,0,0,0
72,7,0,2137.250081,0,1,0.6931,0,0,0,0
72,8,0,2122.123539,0,0,0,0,0,0,0
72,9,0,2117.410116,0,0,0,0,0,0,0
72,10,0,2149.17697,243.6121733,0,0,0,0,0,0
72,11,0,2130.105346,0,0,0,0,0,0,0
72,12,0,2117.517032,0,0,0,0,0,0,0
72,13,0,2116.540447,0,0,0,0,0,0,0
72,14,0,2113.4682,0,0,0,0,0,0,0
72,15,0,2134.54552,0,0,0,0,0,0,0
72,16,0,2120.04371,0,0,0,0,0,0,0
72,17,36127.30368,2137.566917,2450.118586,0,0,0,0,0,0
72,18,0,2131.54722,0,0,0,0,0,0,0
72,19,0,2099.315263,0,0,0,0,0,0,0
73,0,0,2112.890221,0,1,0.6931,0,0,0,0
73,1,0,2142.210305,197.4874294,0,0,0,0,0,0
73,2,0,2136.982791,0,1,0.6931,0,0,0,0
73,3,0,2127.539553,0,1,0.6931,0,0,0,0
73,4,0,2138.025686,0,1,0.6931,0,0,0,0
73,5,0,2120.484039,0,1,0.6931,0,0,0,0
73,6,0,2131.242491,0,1,0.6931,0,0,0,0
73,7,0,2137.250081,0,0,0,0,0,0,0
73,8,0,2122.123539,0,1,0.6931,0,0,0,0
73,9,0,2117.410116,0,1,0.6931,0,0,0,0
73,10,0,2149.17697,243.6121733,1,0.6931,0,0,0,0
73,11,0,2130.105346,0,1,0.6931,0,0,0,0
73,12,0,2117.517032,0,1,0.6931,0,0,0,0
73,13,0,2116.540447,0,1,0.6931,0,0,0,0
73,14,0,2113.4682,0,1,0.6931,0,0,0,0
73,15,0,2134.54552,0,1,0.6931,0,0,0,0
73,16,0,2120.04371,0,1,0.6931,0,0,0,0
73,17,36127.0675,2137.566917,2450.35477,1,1.0986,0,0,0,0
73,18,0,2131.54722,0,1,0.6931,0,0,0,0
73,19,0,2099.315263,0,1,0.6931,0,0,0,0
74,0,0,2112.890221,0,0,0,0,0,0,0
74,1,0,2142.210305,197.4874294,1,1.3824,0,0,0,0
74,2,0,2136.982791,0,0,0,0,0,0,0
74,3,0,2127.539553,0,0,0,0,0,0,0
74,4,0,2138.025686,0,0,0,0,0,0,0
74,5,0,2120.484039,0,0,0,0,0,0,0
74,6,0,2131.242491,0,0,0,0,0,0,0
74,7,0,2137.250081,0,1,0.6931,0,0,0,0
74,8,0,2122.123539,0,0,0,0,0,0,0
74,9,0,2117.410116,0,0,0,0,0,0,0
74,10,0,2149.17697,243.6121733,0,0,0,0,0,0
74,11,0,2130.105346,0,0,0,0,0,0,0
74,12,0,2117.517032,0,0,0,0,0,0,0
74,13,0,2116.540447,0,0,0,0,0,0,0
74,14,0,2113.4682,0,0,0,0,0,0,0
74,15,0,2134.54552,0,0,0,0,0,0,0
74,16,0,2120.04371,0,0,0,0,0,0,0
74,17,0,2137.566917,0,1,1.3863,0,0,0,0
74,18,0,2131.54722,0,0,0,0,0,0,0
74,19,0,2099.315263,0,0,0,0,0,0,0
75,0,0,2112.890221,0,1,0.6931,0,0,0,0
75,1,0,2142.210305,197.4874294,0,0,0,0,0,0
75,2,0,2136.982791,0,1,0.6931,0,0,0,0
75,3,0,2127.539553,0,1,0.6931,0,0,0,0
75,4,0,2138.025686,0,1,0.6931,0,0,0,0
75,5,0,2120.484039,0,1,0.6931,0,0,0,0
75,6,0,2131.242491,0,1,0.6931,0,0,0,0
75,7,0,2137.250081,0,0,0,0,0,0,0
75,8,0,2122.123539,0,1,1.3826,0,0,0,0
75,9,0,2117.410116,0,1,0.6931,0,0,0,0
75,10,0,2149.17697,243.6121733,1,0.6931,0,0,0,0
75,11,0,2130.105346,0,1,0.6931,0,0,0,0
75,12,0,2117.517032,0,1,0.6931,0,0,0,0
75,13,0,2116.540447,0,1,0.6931,0,0,0,0
75,14,0,2113.4682,0,1,0.6931,0,0,0,0
75,15,0,2134.54552,0,1,0.6931,0,0,0,0
75,16,0,2120.04371,0,1,1.3809,0,0,0,0
75,17,0,2137.566917,0,0,0,0,0,0,0
75,18,0,2131.54722,0,1,0.6931,0,0,0,0
75,19,0,2099.315263,0,1,0.6931,0,0,0,0
76,0,0,2112.890221,0,0,0,0,0,0,0
76,1,0,2142.210305,197.4874294,1,1.381,0,0,0,0
76,2,0,2136.982791,0,0,0,0,0,0,0
76,3,0,2127.539553,0,0,0,0,0,0,0
76,4,0,2138.025686,0,0,0,0,0,0,0
76,5,0,2120.484039,0,0,0,0,0,0,0
76,6,0,2131.242491,0,0,0,0,0,0,0
76,7,0,2137.250081,0,1,1.3813,0,0,0,0
76,8,0,2122.123539,0,0,0,0,0,0,0
76,9,0,2117.410116,0,0,0,0,0,0,0
76,10,0,2149.17697,243.6121733,0,0,0,0,0,0
76,11,0,2130.105346,0,0,0,0,0,0,0
76,12,0,2117.517032,0,0,0,0,0,0,0
76,13,0,2116.540447,0,0,0,0,0,0,0
76,14,0,2113.4682,0,0,0,0,0,0,0
76,15,0,2134.54552,0,0,0,0,0,0,0
76,16,0,2120.04371,0,0,0,0,0,0,0
76,17,0,2137.566917,0,1,0.6931,0,0,0,0
76,18,0,2131.54722,0,0,0,0,0,0,0
76,19,0,2099.315263,0,0,0,0,0,0,0
77,0,0,2112.890221,0,1,0.6918,0,0,0,0
77,1,0,2142.210305,197.4874294,0,0,0,0,0,0
77,2,0,2136.982791,0,1,0.6931,0,0,0,0
77,3,0,2127.539553,0,1,0.6931,0,0,0,0
77,4,0,2138.025686,0,1,0.6931,0,0,0,0
77,5,0,2120.484039,0,1,0.6931,0,0,0,0
77,6,0,2131.242491,0,1,1.3794,0,0,0,0
77,7,0,2137.250081,0,0,0,0,0,0,0
77,8,0,2122.123539,0,1,0.6931,0,0,0,0
77,9,0,2117.410116,0,1,0.6931,0,0,0,0
77,10,0,2149.17697,243.6121733,1,0.6931,0,0,0,0
77,11,0,2130.105346,0,1,0.6931,0,0,0,0
77,12,0,2117.517032,0,1,1.3798,0,0,0,0
77,13,0,2116.540447,0,1,0.6931,0,0,0,0
77,14,0,2113.4682,0,1,0.6931,0,0,0,0
77,15,0,2134.54552,0,1,0.6931,0,0,0,0
77,16,0,2120.04371,0,1,0.6931,0,0,0,0
77,17,0,2137.566917,0,0,0,0,0,0,0
77,18,0,2131.54722,0,1,0.6931,0,0,0,0
77,19,0,2099.315263,0,1,0.6931,0,0,0,0
78,0,0,2112.890221,0,0,0,0,0,0,0
78,1,0,2142.210305,197.4874294,1,0.6931,0,0,0,0
78,2,0,2136.982791,0,0,0,0,0,0,0
78,3,0,2127.539553,0,0,0,0,0,0,0
78,4,0,2138.025686,0,0,0,0,0,0,0
78,5,0,2120.484039,0,0,0,0,0,0,0
78,6,0,2131.242491,0,0,0,0,0,0,0
78,7,0,2137.250081,0,1,0.6931,0,0,0,0
78,8,0,2122.123539,0,0,0,0,0,0,0
78,9,0,2117.410116,0,0,0,0,0,0,0
78,10,0,2149.17697,243.6121733,0,0,0,0,0,0
78,11,0,2130.105346,0,0,0,0,0,0,0
78,12,0,2117.517032,0,0,0,0,0,0,0
78,13,0,2116.540447,0,0,0,0,0,0,0
78,14,0,2113.4682,0,0,0,0,0,0,0
78,15,0,2134.54552,0,0,0,0,0,0,0
78,16,0,2120.04371,0,0,0,0,0,0,0
78,17,0,2137.566917,0,1,0.6931,0,0,0,0
78,18,0,2131.54722,0,0,0,0,0,0,0
78,19,0,2099.315263,0,0,0,0,0,0,0
79,0,0,2112.890221,0,1,0.6931,0,0,0,0
79,1,0,2142.210305,197.4874294,0,0,0,0,0,0
79,2,0,2136.982791,0,1,0.6931,0,0,0,0
79,3,0,2127.539553,0,1,0.6931,0,0,0,0
79,4,0,2138.025686,0,1,1.3792,0,0,0,0
79,5,0,2120.484039,0,1,1.3826,0,0,0,0
79,6,0,2131.242491,0,1,0.6931,0,0,0,0
79,7,0,2137.250081,0,0,0,0,0,0,0
79,8,0,2122.123539,0,1,0.6931,0,0,0,0
79,9,0,2117.410116,0,1,0.6931,0,0,0,0
79,10,0,2149.17697,243.6121733,1,0.6931,0,0,0,0
79,11,0,2130.105346,0,1,1.3801,0,0,0,0
79,12,0,2117.517032,0,1,0.6931,0,0,0,0
79,13,0,2116.540447,0,1,0.6931,0,0,0,0
79,14,0,2113.4682,0,1,0.6931,0,0,0,0
79,15,0,2134.54552,0,1,0.6931,0,0,0,0
79,16,0,2120.04371,0,1,0.6931,0,0,0,0
79,17,0,2137.566917,0,0,0,0,0,0,0
79,18,0,2131.54722,0,1,0.6931,0,0,0,0
79,19,0,2099.315263,0,1,0.6931,0,0,0,0
80,0,0,2112.890221,0,0,0,0,0,0,0
80,1,0,2142.210305,197.4874294,1,0.6931,0,0,0,0
80,2,0,2136.982791,0,0,0,0,0,0,0
80,3,0,2127.539553,0,0,0,0,0,0,0
80,4,0,2138.025686,0,0,0,0,0,0,0
80,5,0,2120.484039,0,0,0,0,0,0,0
80,6,0,2131.242491,0,0,0,0,0,0,0
80,7,0,2137.250081,0,1,0.6921,0,0,0,0
80,8,0,2122.123539,0,0,0,0,0,0,0
80,9,0,2117.410116,0,0,0,0,0,0,0
80,10,0,2149.17697,243.6121733,0,0,0,0,0,0
80,11,0,2130.105346,0,0,0,0,0,0,0
80,12,0,2117.517032,0,0,0,0,0,0,0
80,13,0,2116.540447,0,0,0,0,0,0,0
80,14,0,2113.4682,0,0,0,0,0,0,0
80,15,0,2134.54552,0,0,0,0,0,0,0
80,16,0,2120.04371,0,0,0,0,0,0,0
80,17,0,2137.566917,0,1,1.3804,0,0,0,0
80,18,0,2131.54722,0,0,0,0,0,0,0
80,19,0,2099.315263,0,0,0,0,0,0,0
81,0,0,2112.890221,0,1,0.6931,0,0,0,0
81,1,0,2142.210305,197.4874294,0,0,0,0,0,0
81,2,0,2136.982791,0,1,0.6931,0,0,0,0
81,3,0,2127.539553,0,1,0.6931,0,0,0,0
81,4,0,2138.025686,0,1,0.6931,0,0,0,0
81,5,0,2120.484039,0,1,0.6931,0,0,0,0
81,6,0,2131.242491,0,1,0.6931,0,0,0,0
81,7,0,2137.250081,0,0,0,0,0,0,0
81,8,0,2122.123539,0,1,0.6931,0,0,0,0
81,9,0,2117.410116,0,1,0.6931,0,0,0,0
81,10,0,2149.17697,243.6121733,1,0.6931,0,0,0,0
81,11,0,2130.105346,0,1,0.6931,0,0,0,0
81,12,0,2117.517032,0,1,0.6931,0,0,0,0
81,13,0,2116.540447,0,1,0.6931,0,0,0,0
81,14,0,2113.4682,0,1,0.6931,0,0,0,0
81,15,0,2134.54552,0,1,0.6931,0,0,0,0
81,16,0,2120.04371,0,1,1.3822,0,0,0,0
81,17,0,2137.566917,0,0,0,0,0,0,0
81,18,0,2131.54722,0,1,0.6931,0,0,0,0
81,19,0,2099.315263,0,1,0.6931,0,0,0,0
82,0,0,2112.890221,0,0,0,0,0,0,0
82,1,0,2142.210305,197.4874294,1,0.6931,0,0,0,0
82,2,0,2136.982791,0,0,0,0,0,0,0
82,3,0,2127.539553,0,0,0,0,0,0,0
82,4,0,2138.025686,0,0,0,0,0,0,0
82,5,0,2120.484039,0,0,0,0,0,0,0
82,6,0,2131.242491,0,0,0,0,0,0,0
82,7,0,2137.250081,0,1,0.6931,0,0,0,0
82,8,0,2122.123539,0,0,0,0,0,0,0
82,9,0,2117.410116,0,0,0,0,0,0,0
82,10,0,2149.17697,243.6121733,0,0,0,0,0,0
82,11,0,2130.105346,0,0,0,0,0,0,0
82,12,0,2117.517032,0,0,0,0,0,0,0
82,13,0,2116.540447,0,0,0,0,0,0,0
82,14,0,2113.4682,0,0,0,0,0,0,0
82,15,0,2134.54552,0,0,0,0,0,0,0
82,16,0,2120.04371,0,0,0,0,0,0,0
82,17,0,2137.566917,0,1,0.6931,0,0,0,0
82,18,0,2131.54722,0,0,0,0,0,0,0
82,19,0,2099.315263,0,0,0,0,0,0,0
83,0,0,2112.890221,0,1,0.6931,0,0,0,0
83,1,0,2142.210305,197.4874294,0,0,0,0,0,0
83,2,0,2136.982791,0,1,0.6931,0,0,0,0
83,3,0,2127.539553,0,1,1.381,0,0,0,0
83,4,0,2138.025686,0,1,0.6931,0,0,0,0
83,5,0,2120.484039,0,1,0.6931,0,0,0,0
83,6,0,2131.242491,0,1,0.6931,0,0,0,0
83,7,0,2137.250081,0,0,0,0,0,0,0
83,8,0,2122.123539,0,1,0.6931,0,0,0,0
83,9,0,2117.410116,0,1,0.6931,0,0,0,0
83,10,0,2149.17697,243.6121733,1,0.6931,0,0,0,0
83,11,0,2130.105346,0,1,0.6931,0,0,0,0
83,12,0,2117.517032,0,1,0.6931,0,0,0,0
83,13,0,2116.540447,0,1,0.6931,0,0,0,0
83,14,0,2113.4682,0,1,0.6931,0,0,0,0
83,15,0,2134.54552,0,1,0.6931,0,0,0,0
83,16,0,2120.04371,0,1,0.6931,0,0,0,0
83,17,0,2137.566917,0,0,0,0,0,0,0
83,18,0,2131.54722,0,1,0.6931,0,0,0,0
83,19,0,2099.315263,0,1,0.6931,0,0,0,0
84,0,0,2112.890221,0,0,0,0,0,0,0
84,1,0,2142.210305,197.4874294,1,0.6931,0,0,0,0
84,2,0,2136.982791,0,0,0,0,0,0,0
84,3,0,2127.539553,0,0,0,0,0,0,0
84,4,0,2138.025686,0,0,0,0,0,0,0
84,5,0,2120.484039,0,0,0,0,0,0,0
84,6,0,2131.242491,0,0,0,0,0,0,0
84,7,0,2137.250081,0,1,0.6931,0,0,0,0
84,8,0,2122.123539,0,0,0,0,0,0,0
84,9,0,2117.410116,0,0,0,0,0,0,0
84,10,0,2149.17697,243.6121733,0,0,0,0,0,0
84,11,0,2130.105346,0,0,0,0,0,0,0
84,12,0,2117.517032,0,0,0,0,0,0,0
84,13,0,2116.540447,0,0,0,0,0,0,0
84,14,0,2113.4682,0,0,0,0,0,0,0
84,15,0,2134.54552,0,0,0,0,0,0,0
84,16,0,2120.04371,0,0,0,0,0,0,0
84,17,0,2137.566917,0,1,0.6931,0,0,0,0
84,18,0,2131.54722,0,0,0,0,0,0,0
84,19,0,2099.315263,0,0,0,0,0,0,0
85,0,0,2112.890221,0,1,0.6931,0,0,0,0
85,1,0,2142.210305,197.4874294,0,0,0,0,0,0
85,2,0,2136.982791,0,1,0.6931,0,0,0,0
85,3,0,2127.539553,0,1,0.6931,0,0,0,0
85,4,0,2138.025686,0,1,1.3812,0,0,0,0
85,5,0,2120.484039,0,1,0.6931,0,0,0,0
85,6,0,2131.242491,0,1,0.6931,0,0,0,0
85,7,0,2137.250081,0,0,0,0,0,0,0
85,8,0,2122.123539,0,1,0.6931,0,0,0,0
85,9,0,2117.410116,0,1,0.6931,0,0,0,0
85,10,0,2149.17697,243.6121733,1,0.6931,0,0,0,0
85,11,0,2130.105346,0,1,0.6931,0,0,0,0
85,12,0,2117.517032,0,1,1.3824,0,0,0,0
85,13,0,2116.540447,0,1,0.6931,0,0,0,0
85,14,0,2113.4682,0,1,0.6931,0,0,0,0
85,15,0,2134.54552,0,1,0.6931,0,0,0,0
85,16,0,2120.04371,0,1,0.6931,0,0,0,0
85,17,0,2137.566917,0,0,0,0,0,0,0
85,18,0,2131.54722,0,1,0.6931,0,0,0,0
85,19,0,2099.315263,0,1,0.6931,0,0,0,0
86,0,0,2112.890221,0,0,0,0,0,0,0
86,1,0,2142.210305,197.4874294,1,0.6931,0,0,0,0
86,2,0,2136.982791,0,0,0,0,0,0,0
86,3,0,2127.539553,0,0,0,0,0,0,0
86,4,0,2138.025686,0,0,0,0,0,0,0
86,5,0,2120.484039,0,0,0,0,0,0,0
86,6,0,2131.242491,0,0,0,0,0,0,0
86,7,0,2137.250081,0,1,0.6931,0,0,0,0
86,8,0,2122.123539,0,0,0,0,0,0,0
86,9,0,2117.410116,0,0,0,0,0,0,0
86,10,0,2149.17697,243.6121733,0,0,0,0,0,0
86,11,0,2130.105346,0,0,0,0,0,0,0
86,12,0,2117.517032,0,0,0,0,0,0,0
86,13,0,2116.540447,0,0,0,0,0,0,0
86,14,0,2113.4682,0,0,0,0,0,0,0
86,15,0,2134.54552,0,0,0,0,0,0,0
86,16,0,2120.04371,0,0,0,0,0,0,0
86,17,0,2137.566917,0,1,0.6931,0,0,0,0
86,18,0,2131.54722,0,0,0,0,0,0,0
86,19,0,2099.315263,0,0,0,0,0,0,0
87,0,0,2112.890221,0,1,0.6931,0,0,0,0
87,1,0,2142.210305,197.4874294,0,0,0,0,0,0
87,2,0,2136.982791,0,1,0.6931,0,0,0,0
87,3,0,2127.539553,0,1,0.6931,0,0,0,0
87,4,0,2138.025686,0,1,0.6931,0,0,0,0
87,5,0,2120.484039,0,1,0.6931,0,0,0,0
87,6,0,2131.242491,0,1,0.6931,0,0,0,0
87,7,0,2137.250081,0,0,0,0,0,0,0
87,8,0,2122.123539,0,1,0.6931,0,0,0,0
87,9,0,2117.410116,0,1,0.6931,0,0,0,0
87,10,0,2149.17697,243.6121733,1,0.6931,0,0,0,0
87,11,0,2130.105346,0,1,0.6931,0,0,0,0
87,12,0,2117.517032,0,1,0.6931,0,0,0,0
87,13,0,2116.540447,0,1,0.6931,0,0,0,0
87,14,0,2113.4682,0,1,0.6931,0,0,0,0
87,15,0,2134.54552,0,1,0.6931,0,0,0,0
87,16,0,2120.04371,0,1,0.6931,0,0,0,0
87,17,0,2137.566917,0,0,0,0,0,0,0
87,18,0,2131.54722,0,1,0.6931,0,0,0,0
87,19,0,2099.315263,0,1,1.0986,0,0,0,0
88,0,0,2112.890221,0,0,0,0,0,0,0
88,1,0,2142.210305,197.4874294,1,0.6931,0,0,0,0
88,2,0,2136.982791,0,0,0,0,0,0,0
88,3,0,2127.539553,0,0,0,0,0,0,0
88,4,0,2138.025686,0,0,0,0,0,0,0
88,5,0,2120.484039,0,0,0,0,0,0,0
88,6,0,2131.242491,0,0,0,0,0,0,0
88,7,0,2137.250081,0,1,0.6931,0,0,0,0
88,8,0,2122.123539,0,0,0,0,0,0,0
88,9,0,2117.410116,0,0,0,0,0,0,0
88,10,0,2149.17697,243.6121733,0,0,0,0,0,0
88,11,0,2130.105346,0,0,0,0,0,0,0
88,12,0,2117.517032,0,0,0,0,0,0,0
88,13,0,2116.540447,0,0,0,0,0,0,0
88,14,0,2113.4682,0,0,0,0,0,0,0
88,15,0,2134.54552,0,0,0,0,0,0,0
88,16,0,2120.04371,0,0,0,0,0,0,0
88,17,0,2137.566917,0,1,0.6931,0,0,0,0
88,18,0,2131.54722,0,0,0,0,0,0,0
88,19,0,2099.315263,0,0,0,0,0,0,0
89,0,0,2112.890221,0,1,0.6931,0,0,0,0
89,1,0,2142.210305,197.4874294,0,0,0,0,0,0
89,2,0,2136.982791,0,1,0.6931,0,0,0,0
89,3,0,2127.539553,0,1,1.0963,0,0,0,0
89,4,0,2138.025686,0,1,0.6931,0,0,0,0
89,5,0,2120.484039,0,1,1.3779,0,0,0,0
89,6,0,2131.242491,0,1,0.6931,0,0,0,0
89,7,0,2137.250081,0,0,0,0,0,0,0
89,8,0,2122.123539,0,1,0.6931,0,0,0,0
89,9,0,2117.410116,0,1,0.6931,0,0,0,0
89,10,0,2149.17697,243.6121733,1,0.6931,0,0,0,0
89,11,0,2130.105346,0,1,0.6931,0,0,0,0
89,12,0,2117.517032,0,1,0.6931,0,0,0,0
89,13,0,2116.540447,0,1,0.6931,0,0,0,0
89,14,0,2113.4682,0,1,0.6931,0,0,0,0
89,15,0,2134.54552,0,1,0.6931,0,0,0,0
89,16,0,2120.04371,0,1,0.6931,0,0,0,0
89,17,0,2137.566917,0,0,0,0,0,0,0
89,18,0,2131.54722,0,1,0.6931,0,0,0,0
89,19,0,2099.315263,0,1,0.6931,0,0,0,0
90,0,0,2112.890221,0,0,0,0,0,0,0
90,1,0,2142.210305,197.4874294,1,0.6931,0,0,0,0
90,2,0,2136.982791,0,0,0,0,0,0,0
90,3,0,2127.539553,0,0,0,0,0,0,0
90,4,0,2138.025686,0,0,0,0,0,0,0
90,5,0,2120.484039,0,0,0,0,0,0,0
90,6,0,2131.242491,0,0,0,0,0,0,0
90,7,0,2137.250081,0,1,0.6931,0,0,0,0
90,8,0,2122.123539,0,0,0,0,0,0,0
90,9,0,2117.410116,0,0,0,0,0,0,0
90,10,0,2149.17697,243.6121733,0,0,0,0,0,0
90,11,0,2130.105346,0,0,0,0,0,0,0
90,12,0,2117.517032,0,0,0,0,0,0,0
90,13,0,2116.540447,0,0,0,0,0,0,0
90,14,0,2113.4682,0,0,0,0,0,0,0
90,15,0,2134.54552,0,0,0,0,0,0,0
90,16,0,2120.04371,0,0,0,0,0,0,0
90,17,0,2137.566917,0,1,0.6931,0,0,0,0
90,18,0,2131.54722,0,0,0,0,0,0,0
90,19,0,2099.315263,0,0,0,0,0,0,0
91,0,0,2112.890221,0,1,0.6931,0,0,0,0
91,1,0,2142.210305,197.4874294,0,0,0,0,0,0
91,2,0,2136.982791,0,1,0.6931,0,0,0,0
91,3,0,2127.539553,0,1,0.6931,0,0,0,0
91,4,0,2138.025686,0,1,0.6931,0,0,0,0
91,5,0,2120.484039,0,1,0.6931,0,0,0,0
91,6,0,2131.242491,0,1,1.0986,0,0,0,0
91,7,0,2137.250081,0,0,0,0,0,0,0
91,8,0,2122.123539,0,1,0.6931,0,0,0,0
91,9,0,2117.410116,0,1,0.6931,0,0,0,0
91,10,0,2149.17697,243.6121733,1,0.6931,0,0,0,0
91,11,0,2130.105346,0,1,0.6931,0,0,0,0
91,12,0,2117.517032,0,1,1.3815,0,0,0,0
91,13,0,2116.540447,0,1,0.6931,0,0,0,0
91,14,0,2113.4682,0,1,0.6931,0,0,0,0
91,15,0,2134.54552,0,1,1.3781,0,0,0,0
91,16,0,2120.04371,0,1,0.6931,0,0,0,0
91,17,0,2137.566917,0,0,0,0,0,0,0
91,18,0,2131.54722,0,1,0.6931,0,0,0,0
91,19,0,2099.315263,0,1,0.6931,0,0,0,0
92,0,0,2112.890221,0,0,0,0,0,0,0
92,1,0,2142.210305,197.4874294,1,0.6931,0,0,0,0
92,2,0,2136.982791,0,0,0,0,0,0,0
92,3,0,2127.539553,0,0,0,0,0,0,0
92,4,0,2138.025686,0,0,0,0,0,0,0
92,5,0,2120.484039,0,0,0,0,0,0,0
92,6,0,2131.242491,0,0,0,0,0,0,0
92,7,0,2137.250081,0,1,0.6931,0,0,0,0
92,8,0,2122.123539,0,0,0,0,0,0,0
92,9,0,2117.410116,0,0,0,0,0,0,0
92,10,0,2149.17697,243.6121733,0,0,0,0,0,0
92,11,0,2130.105346,0,0,0,0,0,0,0
92,12,0,2117.517032,0,0,0,0,0,0,0
92,13,0,2116.540447,0,0,0,0,0,0,0
92,14,0,2113.4682,0,0,0,0,0,0,0
92,15,0,2134.54552,0,0,0,0,0,0,0
92,16,0,2120.04371,0,0,0,0,0,0,0
92,17,0,2137.566917,0,1,1.3822,0,0,0,0
92,18,0,2131.54722,0,0,0,0,0,0,0
92,19,0,2099.315263,0,0,0,0,0,0,0
93,0,0,2112.890221,0,1,0.6931,0,0,0,0
93,1,0,2142.210305,197.4874294,0,0,0,0,0,0
93,2,0,2136.982791,0,1,1.382,0,0,0,0
93,3,0,2127.539553,0,1,0.6931,0,0,0,0
93,4,0,2138.025686,0,1,0.6931,0,0,0,0
93,5,0,2120.484039,0,1,0.6931,0,0,0,0
93,6,0,2131.242491,0,1,0.6931,0,0,0,0
93,7,0,2137.250081,0,0,0,0,0,0,0
93,8,0,2122.123539,0,1,0.6931,0,0,0,0
93,9,0,2117.410116,0,1,0.6931,0,0,0,0
93,10,0,2149.17697,243.6121733,1,1.3802,0,0,0,0
93,11,0,2130.105346,0,1,0.6931,0,0,0,0
93,12,0,2117.517032,0,1,0.6931,0,0,0,0
93,13,0,2116.540447,0,1,0.6931,0,0,0,0
93,14,0,2113.4682,0,1,0.6931,0,0,0,0
93,15,0,2134.54552,0,1,0.6931,0,0,0,0
93,16,0,2120.04371,0,1,0.6931,0,0,0,0
93,17,0,2137.566917,0,0,0,0,0,0,0
93,18,0,2131.54722,0,1,1.3831,0,0,0,0
93,19,0,2099.315263,0,1,1.0968,0,0,0,0
94,0,0,2112.890221,0,0,0,0,0,0,0
94,1,0,2142.210305,197.4874294,1,0.6931,0,0,0,0
94,2,0,2136.982791,0,0,0,0,0,0,0
94,3,0,2127.539553,0,0,0,0,0,0,0
94,4,0,2138.025686,0,0,0,0,0,0,0
94,5,0,2120.484039,0,0,0,0,0,0,0
94,6,0,2131.242491,0,0,0,0,0,0,0
94,7,0,2137.250081,0,1,0.6931,0,0,0,0
94,8,0,2122.123539,0,0,0,0,0,0,0
94,9,0,2117.410116,0,0,0,0,0,0,0
94,10,0,2149.17697,243.6121733,0,0,0,0,0,0
94,11,0,2130.105346,0,0,0,0,0,0,0
94,12,0,2117.517032,0,0,0,0,0,0,0
94,13,0,2116.540447,0,0,0,0,0,0,0
94,14,0,2113.4682,0,0,0,0,0,0,0
94,15,0,2134.54552,0,0,0,0,0,0,0
94,16,0,2120.04371,0,0,0,0,0,0,0
94,17,0,2137.566917,0,1,0.6931,0,0,0,0
94,18,0,2131.54722,0,0,0,0,0,0,0
94,19,0,2099.315263,0,0,0,0,0,0,0
95,0,0,2112.890221,0,1,0.6931,0,0,0,0
95,1,0,2142.210305,197.4874294,0,0,0,0,0,0
95,2,0,2136.982791,0,1,0.6931,0,0,0,0
95,3,0,2127.539553,0,1,0.6931,0,0,0,0
95,4,0,2138.025686,0,1,0.6931,0,0,0,0
95,5,0,2120.484039,0,1,0.6931,0,0,0,0
95,6,0,2131.242491,0,1,0.6931,0,0,0,0
95,7,0,2137.250081,0,0,0,0,0,0,0
95,8,0,2122.123539,0,1,0.6931,0,0,0,0
95,9,0,2117.410116,0,1,1.379,0,0,0,0
95,10,0,2149.17697,243.6121733,1,0.6931,0,0,0,0
95,11,0,2130.105346,0,1,0.6931,0,0,0,0
95,12,0,2117.517032,0,1,0.6931,0,0,0,0
95,13,0,2116.540447,0,1,0.6931,0,0,0,0
95,14,0,2113.4682,0,1,1.3816,0,0,0,0
95,15,0,2134.54552,0,1,0.6931,0,0,0,0
95,16,0,2120.04371,0,1,0.6931,0,0,0,0
95,17,0,2137.566917,0,0,0,0,0,0,0
95,18,0,2131.54722,0,1,0.6931,0,0,0,0
95,19,0,2099.315263,0,1,0.6931,0,0,0,0
96,0,0,2112.890221,0,0,0,0,0,0,0
96,1,0,2142.210305,197.4874294,1,0.6931,0,0,0,0
96,2,0,2136.982791,0,0,0,0,0,0,0
96,3,0,2127.539553,0,0,0,0,0,0,0
96,4,0,2138.025686,0,0,0,0,0,0,0
96,5,0,2120.484039,0,0,0,0,0,0,0
96,6,0,2131.242491,0,0,0,0,0,0,0
96,7,0,2137.250081,0,1,0.6931,0,0,0,0
96,8,0,2122.123539,0,0,0,0,0,0,0
96,9,0,2117.410116,0,0,0,0,0,0,0
96,10,0,2149.17697,243.6121733,0,0,0,0,0,0
96,11,0,2130.105346,0,0,0,0,0,0,0
96,12,0,2117.517032,0,0,0,0,0,0,0
96,13,0,2116.540447,0,0,0,0,0,0,0
96,14,0,2113.4682,0,0,0,0,0,0,0
96,15,0,2134.54552,0,0,0,0,0,0,0
96,16,0,2120.04371,0,0,0,0,0,0,0
96,17,0,2137.566917,0,1,0.6931,0,0,0,0
96,18,0,2131.54722,0,0,0,0,0,0,0
96,19,0,2099.315263,0,0,0,0,0,0,0
97,0,0,2112.890221,0,1,0.6931,0,0,0,0
97,1,0,2142.210305,197.4874294,0,0,0,0,0,0
97,2,0,2136.982791,0,1,0.6931,0,0,0,0
97,3,0,2127.539553,0,1,1.3798,0,0,0,0
97,4,0,2138.025686,0,1,1.3801,0,0,0,0
97,5,0,2120.484039,0,1,0.6931,0,0,0,0
97,6,0,2131.242491,0,1,0.6931,0,0,0,0
97,7,0,2137.250081,0,0,0,0,0,0,0
97,8,0,2122.123539,0,1,0.6931,0,0,0,0
97,9,0,2117.410116,0,1,0.6931,0,0,0,0
97,10,0,2149.17697,243.6121733,1,0.6931,0,0,0,0
97,11,0,2130.105346,0,1,0.6931,0,0,0,0
97,12,0,2117.517032,0,1,0.6931,0,0,0,0
97,13,0,2116.540447,0,1,0.6931,0,0,0,0
97,14,0,2113.4682,0,1,0.6931,0,0,0,0
97,15,0,2134.54552,0,1,0.6931,0,0,0,0
97,16,0,2120.04371,0,1,0.6931,0,0,0,0
97,17,0,2137.566917,0,0,0,0,0,0,0
97,18,0,2131.54722,0,1,0.6931,0,0,0,0
97,19,0,2099.315263,0,1,0.6931,0,0,0,0
98,0,0,2112.890221,0,0,0,0,0,0,0
98,1,0,2142.210305,197.4874294,1,1.3789,0,0,0,0
98,2,0,2136.982791,0,0,0,0,0,0,0
98,3,0,2127.539553,0,0,0,0,0,0,0
98,4,0,2138.025686,0,0,0,0,0,0,0
98,5,0,2120.484039,0,0,0,0,0,0,0
98,6,0,2131.242491,0,0,0,0,0,0,0
98,7,0,2137.250081,0,1,0.6931,0,0,0,0
98,8,0,2122.123539,0,0,0,0,0,0,0
98,9,0,2117.410116,0,0,0,0,0,0,0
98,10,0,2149.17697,243.6121733,0,0,0,0,0,0
98,11,0,2130.105346,0,0,0,0,0,0,0
98,12,0,2117.517032,0,0,0,0,0,0,0
98,13,0,2116.540447,0,0,0,0,0,0,0
98,14,0,2113.4682,0,0,0,0,0,0,0
98,15,0,2134.54552,0,0,0,0,0,0,0
98,16,0,2120.04371,0,0,0,0,0,0,0
98,17,0,2137.566917,0,1,0.6931,0,0,0,0
98,18,0,2131.54722,0,0,0,0,0,0,0
98,19,0,2099.315263,0,0,0,0,0,0,0
99,0,0,2112.890221,0,1,0.6931,0,0,0,0
99,1,0,2142.210305,197.4874294,0,0,0,0,0,0
99,2,0,2136.982791,0,1,0.6931,0,0,0,0
99,3,0,2127.539553,0,1,0.6931,0,0,0,0
99,4,0,2138.025686,0,1,0.6931,0,0,0,0
99,5,0,2120.484039,0,1,0.6931,0,0,0,0
99,6,0,2131.242491,0,1,0.6931,0,0,0,0
99,7,0,2137.250081,0,0,0,0,0,0,0
99,8,0,2122.123539,0,1,0.6931,0,0,0,0
99,9,0,2117.410116,0,1,0.6931,0,0,0,0
99,10,0,2149.17697,243.6121733,1,1.0986,0,0,0,0
99,11,0,2130.105346,0,1,0.6931,0,0,0,0
99,12,0,2117.517032,0,1,0.6931,0,0,0,0
99,13,0,2116.540447,0,1,0.6931,0,0,0,0
99,14,0,2113.4682,0,1,0.6931,0,0,0,0
99,15,0,2134.54552,0,1,0.6931,0,0,0,0
99,16,0,2120.04371,0,1,0.6931,0,0,0,0
99,17,0,2137.566917,0,0,0,0,0,0,0
99,18,0,2131.54722,0,1,0.6931,0,0,0,0
99,19,0,2099.315263,0,1,0.6931,0,0,0,0
100,0,0,2112.890221,0,0,0,0,0,0,0
100,1,0,2142.210305,197.4874294,1,0.6931,0,0,0,0
100,2,0,2136.982791,0,0,0,0,0,0,0
100,3,0,2127.539553,0,0,0,0,0,0,0
100,4,0,2138.025686,0,0,0,0,0,0,0
100,5,0,2120.484039,0,0,0,0,0,0,0
100,6,0,2131.242491,0,0,0,0,0,0,0
100,7,0,2137.250081,0,1,0.6931,0,0,0,0
100,8,0,2122.123539,0,0,0,0,0,0,0
100,9,0,2117.410116,0,0,0,0,0,0,0
100,10,0,2149.17697,243.6121733,0,0,0,0,0,0
100,11,0,2130.105346,0,0,0,0,0,0,0
100,12,0,2117.517032,0,0,0,0,0,0,0
100,13,0,2116.540447,0,0,0,0,0,0,0
100,14,0,2113.4682,0,0,0,0,0,0,0
100,15,0,2134.54552,0,0,0,0,0,0,0
100,16,0,2120.04371,0,0,0,0,0,0,0
100,17,0,2137.566917,0,1,0.6931,0,0,0,0
100,18,0,2131.54722,0,0,0,0,0,0,0
100,19,0,2099.315263,0,0,0,0,0,0,0
